key,ref,ref_cite,pmra,pmra_em,pmra_ep,pmdec,pmdec_em,pmdec_ep,method,citation,comments
antlia_2,2022A&A...657A..54B,Battaglia2022A&A...657A..54B,-0.1,0.01,0.01,0.09,0.01,0.01,GAIA_EDR3,Battaglia et al. 2022,EDR3
aquarius_2,2022A&A...657A..54B,Battaglia2022A&A...657A..54B,-0.03,0.19,0.23,-0.47,0.16,0.15,GAIA_EDR3,Battaglia et al. 2022,EDR3
bootes_1,2022A&A...657A..54B,Battaglia2022A&A...657A..54B,-0.39,0.02,0.02,-1.06,0.01,0.01,GAIA_EDR3,Battaglia et al. 2022,EDR3
bootes_2,2022A&A...657A..54B,Battaglia2022A&A...657A..54B,-2.46,0.07,0.07,-0.45,0.06,0.05,GAIA_EDR3,Battaglia et al. 2022,EDR3
bootes_3,2022A&A...657A..54B,Battaglia2022A&A...657A..54B,-1.16,0.02,0.02,-0.88,0.01,0.01,GAIA_EDR3,Battaglia et al. 2022,EDR3
bootes_4,2022A&A...657A..54B,Battaglia2022A&A...657A..54B,0.03,0.38,0.41,0.4,0.76,0.92,GAIA_EDR3,Battaglia et al. 2022,EDR3
canes_venatici_1,2022A&A...657A..54B,Battaglia2022A&A...657A..54B,-0.1,0.03,0.03,-0.12,0.02,0.02,GAIA_EDR3,Battaglia et al. 2022,EDR3
canes_venatici_2,2022A&A...657A..54B,Battaglia2022A&A...657A..54B,-0.12,0.11,0.1,-0.29,0.08,0.08,GAIA_EDR3,Battaglia et al. 2022,EDR3
carina_1,2022A&A...657A..54B,Battaglia2022A&A...657A..54B,0.53,0.01,0.01,0.13,0.01,0.01,GAIA_EDR3,Battaglia et al. 2022,EDR3
carina_2,2022A&A...657A..54B,Battaglia2022A&A...657A..54B,1.88,0.01,0.01,0.13,0.02,0.01,GAIA_EDR3,Battaglia et al. 2022,EDR3
carina_3,2022A&A...657A..54B,Battaglia2022A&A...657A..54B,3.1,0.04,0.03,1.39,0.04,0.04,GAIA_EDR3,Battaglia et al. 2022,EDR3
centaurus_1,2022A&A...657A..54B,Battaglia2022A&A...657A..54B,-0.13,0.05,0.05,-0.21,0.04,0.04,GAIA_EDR3,Battaglia et al. 2022,EDR3
cetus_2,2022A&A...657A..54B,Battaglia2022A&A...657A..54B,2.85,0.05,0.05,0.47,0.06,0.06,GAIA_EDR3,Battaglia et al. 2022,EDR3
cetus_3,2022A&A...657A..54B,Battaglia2022A&A...657A..54B,0.47,0.81,0.85,-0.56,0.87,0.94,GAIA_EDR3,Battaglia et al. 2022,EDR3
columba_1,2022A&A...657A..54B,Battaglia2022A&A...657A..54B,0.17,0.07,0.07,-0.41,0.08,0.08,GAIA_EDR3,Battaglia et al. 2022,EDR3
coma_berenices_1,2022A&A...657A..54B,Battaglia2022A&A...657A..54B,0.43,0.02,0.02,-1.72,0.02,0.02,GAIA_EDR3,Battaglia et al. 2022,EDR3
crater_1,2022A&A...657A..54B,Battaglia2022A&A...657A..54B,-0.04,0.12,0.12,-0.12,0.1,0.1,GAIA_EDR3,Battaglia et al. 2022,EDR3
crater_2,2022A&A...657A..54B,Battaglia2022A&A...657A..54B,-0.07,0.02,0.02,-0.11,0.01,0.01,GAIA_EDR3,Battaglia et al. 2022,EDR3
delve_1,2022A&A...657A..54B,Battaglia2022A&A...657A..54B,0.04,0.07,0.07,-1.54,0.05,0.05,GAIA_EDR3,Battaglia et al. 2022,EDR3
delve_2,2022A&A...657A..54B,Battaglia2022A&A...657A..54B,0.92,0.11,0.12,-0.97,0.08,0.09,GAIA_EDR3,Battaglia et al. 2022,EDR3
draco_1,2022A&A...657A..54B,Battaglia2022A&A...657A..54B,0.04,0.01,0.01,-0.19,0.01,0.01,GAIA_EDR3,Battaglia et al. 2022,EDR3
draco_2,2022A&A...657A..54B,Battaglia2022A&A...657A..54B,1.12,0.09,0.09,0.91,0.1,0.1,GAIA_EDR3,Battaglia et al. 2022,EDR3
eridanus_2,2022A&A...657A..54B,Battaglia2022A&A...657A..54B,0.15,0.11,0.11,0.03,0.13,0.14,GAIA_EDR3,Battaglia et al. 2022,EDR3
eridanus_3,2022A&A...657A..54B,Battaglia2022A&A...657A..54B,1.39,0.13,0.13,-0.64,0.14,0.14,GAIA_EDR3,Battaglia et al. 2022,EDR3
fornax_1,2022A&A...657A..54B,Battaglia2022A&A...657A..54B,0.381,0.001,0.001,-0.358,0.002,0.002,GAIA_EDR3,Battaglia et al. 2022,EDR3
grus_1,2022A&A...657A..54B,Battaglia2022A&A...657A..54B,0.07,0.05,0.05,-0.27,0.07,0.08,GAIA_EDR3,Battaglia et al. 2022,EDR3
grus_2,2022A&A...657A..54B,Battaglia2022A&A...657A..54B,0.39,0.04,0.03,-1.51,0.04,0.04,GAIA_EDR3,Battaglia et al. 2022,EDR3
hercules_1,2022A&A...657A..54B,Battaglia2022A&A...657A..54B,-0.04,0.05,0.04,-0.34,0.04,0.04,GAIA_EDR3,Battaglia et al. 2022,EDR3
horologium_1,2022A&A...657A..54B,Battaglia2022A&A...657A..54B,0.85,0.03,0.04,-0.6,0.04,0.04,GAIA_EDR3,Battaglia et al. 2022,EDR3
horologium_2,2022A&A...657A..54B,Battaglia2022A&A...657A..54B,0.98,0.19,0.18,-0.84,0.23,0.21,GAIA_EDR3,Battaglia et al. 2022,EDR3
hydra_2,2022A&A...657A..54B,Battaglia2022A&A...657A..54B,-0.37,0.14,0.14,-0.03,0.1,0.1,GAIA_EDR3,Battaglia et al. 2022,EDR3
hydrus_1,2022A&A...657A..54B,Battaglia2022A&A...657A..54B,3.79,0.01,0.01,-1.5,0.01,0.01,GAIA_EDR3,Battaglia et al. 2022,EDR3
ic_1613,2022A&A...657A..54B,Battaglia2022A&A...657A..54B,0.04,0.02,0.02,0.01,0.01,0.01,GAIA_EDR3,Battaglia et al. 2022,EDR3
leo_1,2022A&A...657A..54B,Battaglia2022A&A...657A..54B,-0.06,0.01,0.01,-0.12,0.01,0.01,GAIA_EDR3,Battaglia et al. 2022,EDR3
leo_2,2022A&A...657A..54B,Battaglia2022A&A...657A..54B,-0.11,0.03,0.03,-0.14,0.03,0.03,GAIA_EDR3,Battaglia et al. 2022,EDR3
leo_4,2022A&A...657A..54B,Battaglia2022A&A...657A..54B,-0.03,0.14,0.14,-0.28,0.12,0.11,GAIA_EDR3,Battaglia et al. 2022,EDR3
leo_5,2022A&A...657A..54B,Battaglia2022A&A...657A..54B,0.1,0.21,0.21,-0.41,0.15,0.15,GAIA_EDR3,Battaglia et al. 2022,EDR3
leo_a,2022A&A...657A..54B,Battaglia2022A&A...657A..54B,-0.06,0.09,0.09,-0.06,0.08,0.09,GAIA_EDR3,Battaglia et al. 2022,EDR3
leo_t,2022A&A...657A..54B,Battaglia2022A&A...657A..54B,0.23,0.37,0.36,-0.12,0.22,0.22,GAIA_EDR3,Battaglia et al. 2022,EDR3
m_33,2022A&A...657A..54B,Battaglia2022A&A...657A..54B,0.062,0.004,0.004,0.011,0.003,0.003,GAIA_EDR3,Battaglia et al. 2022,EDR3
ngc_3109,2022A&A...657A..54B,Battaglia2022A&A...657A..54B,0.04,0.03,0.03,-0.01,0.03,0.03,GAIA_EDR3,Battaglia et al. 2022,EDR3
ngc_6822,2022A&A...657A..54B,Battaglia2022A&A...657A..54B,-0.06,0.01,0.01,-0.07,0.01,0.01,GAIA_EDR3,Battaglia et al. 2022,EDR3
pegasus_dirr,2022A&A...657A..54B,Battaglia2022A&A...657A..54B,0.15,0.14,0.13,0.07,0.11,0.12,GAIA_EDR3,Battaglia et al. 2022,EDR3
phoenix_1,2022A&A...657A..54B,Battaglia2022A&A...657A..54B,0.08,0.03,0.03,-0.06,0.04,0.04,GAIA_EDR3,Battaglia et al. 2022,EDR3
phoenix_2,2022A&A...657A..54B,Battaglia2022A&A...657A..54B,0.5,0.05,0.05,-1.2,0.06,0.06,GAIA_EDR3,Battaglia et al. 2022,EDR3
pictor_1,2022A&A...657A..54B,Battaglia2022A&A...657A..54B,0.15,0.08,0.08,0.08,0.12,0.12,GAIA_EDR3,Battaglia et al. 2022,EDR3
pictor_2,2022A&A...657A..54B,Battaglia2022A&A...657A..54B,1.15,0.06,0.06,1.14,0.05,0.06,GAIA_EDR3,Battaglia et al. 2022,EDR3
pisces_2,2022A&A...657A..54B,Battaglia2022A&A...657A..54B,0.71,0.41,0.43,-0.61,0.24,0.3,GAIA_EDR3,Battaglia et al. 2022,EDR3
reticulum_2,2022A&A...657A..54B,Battaglia2022A&A...657A..54B,2.37,0.02,0.02,-1.35,0.02,0.02,GAIA_EDR3,Battaglia et al. 2022,EDR3
reticulum_3,2022A&A...657A..54B,Battaglia2022A&A...657A..54B,0.31,0.14,0.14,-0.61,0.3,0.22,GAIA_EDR3,Battaglia et al. 2022,EDR3
sagittarius_2,2022A&A...657A..54B,Battaglia2022A&A...657A..54B,-0.77,0.04,0.04,-0.91,0.02,0.02,GAIA_EDR3,Battaglia et al. 2022,EDR3
sagittarius_dirr,2022A&A...657A..54B,Battaglia2022A&A...657A..54B,0.11,0.18,0.19,-0.37,0.17,0.17,GAIA_EDR3,Battaglia et al. 2022,EDR3
sculptor_1,2022A&A...657A..54B,Battaglia2022A&A...657A..54B,0.099,0.002,0.002,-0.159,0.002,0.002,GAIA_EDR3,Battaglia et al. 2022,EDR3
segue_1,2022A&A...657A..54B,Battaglia2022A&A...657A..54B,-2.06,0.05,0.05,-3.42,0.04,0.05,GAIA_EDR3,Battaglia et al. 2022,EDR3
segue_2,2022A&A...657A..54B,Battaglia2022A&A...657A..54B,1.43,0.05,0.06,-0.31,0.05,0.04,GAIA_EDR3,Battaglia et al. 2022,EDR3
sextans_1,2022A&A...657A..54B,Battaglia2022A&A...657A..54B,-0.4,0.01,0.01,0.02,0.01,0.01,GAIA_EDR3,Battaglia et al. 2022,EDR3
sextans_a,2022A&A...657A..54B,Battaglia2022A&A...657A..54B,-0.14,0.04,0.05,-0.03,0.05,0.04,GAIA_EDR3,Battaglia et al. 2022,EDR3
sextans_b,2022A&A...657A..54B,Battaglia2022A&A...657A..54B,-0.29,0.16,0.16,-0.28,0.17,0.17,GAIA_EDR3,Battaglia et al. 2022,EDR3
triangulum_2,2022A&A...657A..54B,Battaglia2022A&A...657A..54B,0.58,0.05,0.05,0.08,0.06,0.06,GAIA_EDR3,Battaglia et al. 2022,EDR3
tucana_2,2022A&A...657A..54B,Battaglia2022A&A...657A..54B,0.91,0.02,0.02,-1.27,0.03,0.03,GAIA_EDR3,Battaglia et al. 2022,EDR3
tucana_3,2022A&A...657A..54B,Battaglia2022A&A...657A..54B,-0.08,0.02,0.02,-1.62,0.02,0.02,GAIA_EDR3,Battaglia et al. 2022,EDR3
tucana_4,2022A&A...657A..54B,Battaglia2022A&A...657A..54B,0.56,0.04,0.05,-1.69,0.05,0.05,GAIA_EDR3,Battaglia et al. 2022,EDR3
tucana_5,2022A&A...657A..54B,Battaglia2022A&A...657A..54B,-0.14,0.05,0.04,-1.18,0.06,0.05,GAIA_EDR3,Battaglia et al. 2022,EDR3
ugc_4879,2022A&A...657A..54B,Battaglia2022A&A...657A..54B,0,0.11,0.11,-0.04,0.09,0.09,GAIA_EDR3,Battaglia et al. 2022,EDR3
ursa_major_1,2022A&A...657A..54B,Battaglia2022A&A...657A..54B,-0.4,0.03,0.03,-0.63,0.04,0.04,GAIA_EDR3,Battaglia et al. 2022,EDR3
ursa_major_2,2022A&A...657A..54B,Battaglia2022A&A...657A..54B,1.73,0.02,0.02,-1.9,0.02,0.02,GAIA_EDR3,Battaglia et al. 2022,EDR3
ursa_minor_1,2022A&A...657A..54B,Battaglia2022A&A...657A..54B,-0.124,0.004,0.004,0.071,0.005,0.005,GAIA_EDR3,Battaglia et al. 2022,EDR3
willman_1,2022A&A...657A..54B,Battaglia2022A&A...657A..54B,0.28,0.07,0.06,-1.11,0.07,0.08,GAIA_EDR3,Battaglia et al. 2022,EDR3
wlm,2022A&A...657A..54B,Battaglia2022A&A...657A..54B,0.09,0.03,0.03,-0.07,0.02,0.02,GAIA_EDR3,Battaglia et al. 2022,EDR3
aquarius_2,2023ApJ...950..167B,Bruce2023ApJ...950..167B,-0.27,0.12,0.12,-0.44,0.1,0.1,GAIA_EDR3,Bruce et al. 2023,EDR3
bootes_2,2023ApJ...950..167B,Bruce2023ApJ...950..167B,-2.5,0.07,0.07,-0.46,0.06,0.06,GAIA_EDR3,Bruce et al. 2023,EDR3
bootes_3,2018ApJ...865....7C,Carlin2018ApJ...865....7C,-1.14,0.18,0.18,-0.98,0.2,0.2,GAIA_DR2,Carlin et al. 2018,DR2; for high mass MW potential
bootes_3,2018ApJ...865....7C,Carlin2018ApJ...865....7C,-1.14,0.18,0.18,-0.92,0.3,0.3,GAIA_DR2,Carlin et al. 2018,DR2; includes 15 RV memebers plus known RRL from arXiv:1407.1835 for low mass MW potential
bootes_3,2018ApJ...865....7C,Carlin2018ApJ...865....7C,-1.17,0.24,0.24,-0.92,0.3,0.3,GAIA_DR2,Carlin et al. 2018,DR2; uses only BHB stars for low-mass MW potential
draco_1,2016MNRAS.461..271C,CasettiDinescu2016MNRAS.461..271C,-0.284,0.047,0.047,-0.289,0.041,0.041,Ground,Casetti-Dinescu et al. 2016,~7 year baseline
sextans_1,2018MNRAS.473.4064C,CasettiDinescu2018MNRAS.473.4064C,-0.409,0.05,0.05,-0.047,0.058,0.058,Ground,Casetti-Dinescu et al. 2018,~10 year baseline
leo_1,2022AJ....163....1C,CasettiDinescu2022AJ....163....1C,-0.007,0.035,0.035,-0.119,0.026,0.026,GAIA_EDR3,Casetti-Dinescu et al. 2021,EDR3 and HST
eridanus_4,2021ApJ...920L..44C,Cerny2021ApJ...920L..44C,0.25,0.06,0.06,-0.1,0.05,0.05,GAIA_EDR3,Cerny et al. 2021,EDR3
pegasus_4,2023ApJ...942..111C,Cerny2023ApJ...942..111C,0.33,0.07,0.07,-0.21,0.08,0.08,GAIA_EDR3,Cerny et al. 2023,EDR3
bootes_5,2023ApJ...953....1C,Cerny2023ApJ...953....1C,-0.22,0.05,0.05,-0.28,0.07,0.07,GAIA_EDR3,Cerny et al. 2023,EDR3
leo_minor_1,2023ApJ...953....1C,Cerny2023ApJ...953....1C,-0.01,0.4,0.39,-1.29,0.4,0.37,GAIA_EDR3,Cerny et al. 2022,EDR3
delve_6,2023arXiv230604690C,Cerny2023arXiv230604690C,0.93,0.39,0.39,-1.28,0.38,0.38,GAIA_EDR3,Cerny et al. 2023,EDR3
antlia_2,2019ApJ...886...67C,Chakrabarti2019ApJ...886...67C,-0.068,0.023,0.023,0.032,0.031,0.031,GAIA_DR2,Chakrabarti et al. 2019,DR2
tucana_2,2021NatAs...5..392C,Chiti2021NatAs...5..392C,0.955,0.047,0.047,-1.212,0.058,0.058,GAIA_DR2,Chiti et al. 2021,DR2
grus_1,2022ApJ...939...41C,Chiti2022ApJ...939...41C,0.07,0.05,0.05,-0.25,0.07,0.07,GAIA_EDR3,Chiti et al. 2022,EDR3
fornax_1,2004AJ....128..687D,Dinescu2004AJ....128..687D,0.59,0.16,0.16,-0.15,0.16,0.16,HST_Ground,Dinescu et al. 2004,~50 year baseline
sagittarius_1,2005ApJ...618L..25D,Dinescu2005ApJ...618L..25D,-2.83,0.2,0.2,-1.33,0.2,0.2,Ground,Dinescu et al. 2005,
bootes_1,2022ApJ...939...38F,Filion2022ApJ...939...38F,-0.42,0.04,0.04,-1,0.04,0.04,HST,Filion et al. 2022,~7 yr baseline
aquarius_2,2018A&A...619A.103F,Fritz2018A&A...619A.103F,-0.252,0.526,0.526,0.011,0.448,0.448,GAIA_DR2,Fritz et al. 2018,DR2
bootes_1,2018A&A...619A.103F,Fritz2018A&A...619A.103F,-0.554,0.092,0.092,-1.111,0.068,0.068,GAIA_DR2,Fritz et al. 2018,DR2
bootes_2,2018A&A...619A.103F,Fritz2018A&A...619A.103F,-2.686,0.389,0.389,-0.53,0.287,0.287,GAIA_DR2,Fritz et al. 2018,DR2
canes_venatici_1,2018A&A...619A.103F,Fritz2018A&A...619A.103F,-0.159,0.094,0.094,-0.067,0.054,0.054,GAIA_DR2,Fritz et al. 2018,DR2
canes_venatici_2,2018A&A...619A.103F,Fritz2018A&A...619A.103F,-0.342,0.232,0.232,-0.473,0.169,0.169,GAIA_DR2,Fritz et al. 2018,DR2
carina_1,2018A&A...619A.103F,Fritz2018A&A...619A.103F,0.485,0.017,0.017,0.131,0.016,0.016,GAIA_DR2,Fritz et al. 2018,DR2
carina_2,2018A&A...619A.103F,Fritz2018A&A...619A.103F,1.867,0.078,0.078,0.082,0.072,0.072,GAIA_DR2,Fritz et al. 2018,DR2
carina_3,2018A&A...619A.103F,Fritz2018A&A...619A.103F,3.046,0.119,0.119,1.565,0.135,0.135,GAIA_DR2,Fritz et al. 2018,DR2
coma_berenices_1,2018A&A...619A.103F,Fritz2018A&A...619A.103F,0.471,0.108,0.108,-1.716,0.104,0.104,GAIA_DR2,Fritz et al. 2018,DR2
crater_1,2018A&A...619A.103F,Fritz2018A&A...619A.103F,-0.045,0.28,0.28,-0.165,0.172,0.172,GAIA_DR2,Fritz et al. 2018,DR2
crater_2,2018A&A...619A.103F,Fritz2018A&A...619A.103F,-0.184,0.061,0.061,-0.106,0.031,0.031,GAIA_DR2,Fritz et al. 2018,DR2
draco_1,2018A&A...619A.103F,Fritz2018A&A...619A.103F,-0.012,0.013,0.013,-0.158,0.015,0.015,GAIA_DR2,Fritz et al. 2018,DR2
draco_2,2018A&A...619A.103F,Fritz2018A&A...619A.103F,1.242,0.276,0.276,0.845,0.285,0.285,GAIA_DR2,Fritz et al. 2018,DR2
eridanus_2,2018A&A...619A.103F,Fritz2018A&A...619A.103F,0.159,0.292,0.292,0.372,0.34,0.34,GAIA_DR2,Fritz et al. 2018,DR2
fornax_1,2018A&A...619A.103F,Fritz2018A&A...619A.103F,0.374,0.004,0.004,-0.401,0.005,0.005,GAIA_DR2,Fritz et al. 2018,DR2
grus_1,2018A&A...619A.103F,Fritz2018A&A...619A.103F,-0.261,0.172,0.172,-0.437,0.238,0.238,GAIA_DR2,Fritz et al. 2018,DR2
hercules_1,2018A&A...619A.103F,Fritz2018A&A...619A.103F,-0.297,0.118,0.118,-0.329,0.094,0.094,GAIA_DR2,Fritz et al. 2018,DR2
horologium_1,2018A&A...619A.103F,Fritz2018A&A...619A.103F,0.891,0.088,0.088,-0.55,0.08,0.08,GAIA_DR2,Fritz et al. 2018,DR2
hydra_2,2018A&A...619A.103F,Fritz2018A&A...619A.103F,-0.416,0.519,0.519,0.134,0.422,0.422,GAIA_DR2,Fritz et al. 2018,DR2
hydrus_1,2018A&A...619A.103F,Fritz2018A&A...619A.103F,3.733,0.038,0.038,-1.605,0.036,0.036,GAIA_DR2,Fritz et al. 2018,DR2
leo_1,2018A&A...619A.103F,Fritz2018A&A...619A.103F,-0.086,0.059,0.059,-0.128,0.062,0.062,GAIA_DR2,Fritz et al. 2018,DR2
leo_2,2018A&A...619A.103F,Fritz2018A&A...619A.103F,0.025,0.08,0.08,-0.173,0.083,0.083,GAIA_DR2,Fritz et al. 2018,DR2
leo_4,2018A&A...619A.103F,Fritz2018A&A...619A.103F,-0.59,0.531,0.531,-0.449,0.358,0.358,GAIA_DR2,Fritz et al. 2018,DR2
leo_5,2018A&A...619A.103F,Fritz2018A&A...619A.103F,-0.097,0.557,0.557,-0.628,0.302,0.302,GAIA_DR2,Fritz et al. 2018,DR2
phoenix_1,2018A&A...619A.103F,Fritz2018A&A...619A.103F,0.079,0.099,0.099,-0.049,0.12,0.12,GAIA_DR2,Fritz et al. 2018,DR2
pisces_2,2018A&A...619A.103F,Fritz2018A&A...619A.103F,-0.108,0.645,0.645,-0.586,0.498,0.498,GAIA_DR2,Fritz et al. 2018,DR2
reticulum_2,2018A&A...619A.103F,Fritz2018A&A...619A.103F,2.398,0.04,0.04,-1.319,0.048,0.048,GAIA_DR2,Fritz et al. 2018,DR2
sagittarius_1,2018A&A...619A.103F,Fritz2018A&A...619A.103F,-2.736,0.009,0.009,-1.357,0.008,0.008,GAIA_DR2,Fritz et al. 2018,DR2
sculptor_1,2018A&A...619A.103F,Fritz2018A&A...619A.103F,0.084,0.006,0.006,-0.133,0.006,0.006,GAIA_DR2,Fritz et al. 2018,DR2
segue_1,2018A&A...619A.103F,Fritz2018A&A...619A.103F,-1.697,0.195,0.195,-3.501,0.175,0.175,GAIA_DR2,Fritz et al. 2018,DR2
segue_2,2018A&A...619A.103F,Fritz2018A&A...619A.103F,1.656,0.155,0.155,0.135,0.104,0.104,GAIA_DR2,Fritz et al. 2018,DR2
sextans_1,2018A&A...619A.103F,Fritz2018A&A...619A.103F,-0.438,0.028,0.028,0.055,0.028,0.028,GAIA_DR2,Fritz et al. 2018,DR2
triangulum_2,2018A&A...619A.103F,Fritz2018A&A...619A.103F,0.588,0.187,0.187,0.554,0.161,0.161,GAIA_DR2,Fritz et al. 2018,DR2
tucana_2,2018A&A...619A.103F,Fritz2018A&A...619A.103F,0.91,0.059,0.059,-1.159,0.074,0.074,GAIA_DR2,Fritz et al. 2018,DR2
tucana_3,2018A&A...619A.103F,Fritz2018A&A...619A.103F,-0.025,0.034,0.034,-1.661,0.035,0.035,GAIA_DR2,Fritz et al. 2018,DR2
ursa_major_1,2018A&A...619A.103F,Fritz2018A&A...619A.103F,-0.683,0.094,0.094,-0.72,0.13,0.13,GAIA_DR2,Fritz et al. 2018,DR2
ursa_major_2,2018A&A...619A.103F,Fritz2018A&A...619A.103F,1.691,0.053,0.053,-1.902,0.066,0.066,GAIA_DR2,Fritz et al. 2018,DR2
ursa_minor_1,2018A&A...619A.103F,Fritz2018A&A...619A.103F,-0.184,0.026,0.026,0.082,0.023,0.023,GAIA_DR2,Fritz et al. 2018,DR2
willman_1,2018A&A...619A.103F,Fritz2018A&A...619A.103F,0.199,0.187,0.187,-1.342,0.366,0.366,GAIA_DR2,Fritz et al. 2018,DR2
segue_1,2018ApJ...860..164F,Fritz2018ApJ...860..164F,0.37,0.57,0.57,-3.39,0.58,0.58,Ground,Fritz et al. 2018,~10 year baseline; SDSS + LBC
columba_1,2019A&A...623A.129F,Fritz2019A&A...623A.129F,0.25,0.24,0.24,-0.44,0.33,0.33,GAIA_DR2,Fritz et al. 2019,DR2
horologium_2,2019A&A...623A.129F,Fritz2019A&A...623A.129F,1.52,0.25,0.25,-0.47,0.39,0.39,GAIA_DR2,Fritz et al. 2019,DR2
phoenix_2,2019A&A...623A.129F,Fritz2019A&A...623A.129F,0.5,0.12,0.12,-1.16,0.14,0.14,GAIA_DR2,Fritz et al. 2019,DR2
reticulum_3,2019A&A...623A.129F,Fritz2019A&A...623A.129F,-0.39,0.53,0.53,-0.32,0.63,0.63,GAIA_DR2,Fritz et al. 2019,DR2
crater_2,2019ApJ...883...11F,Fu2019ApJ...883...11F,-0.17,0.05,0.05,-0.07,0.05,0.05,GAIA_DR2,Fu et al. 2019,DR2
hercules_1,2019ApJ...883...11F,Fu2019ApJ...883...11F,-0.16,0.09,0.09,-0.41,0.07,0.07,GAIA_DR2,Fu et al. 2019,DR2
hercules_1,2020MNRAS.496.1092G,Gregory2020MNRAS.496.1092G,-0.153,0.074,0.074,-0.397,0.063,0.063,GAIA_DR2,Gregory et al. 2020,DR2
bootes_1,2018A&A...616A..12G,Helmi2018A&A...616A..12G,-0.459,0.041,0.041,-1.064,0.029,0.029,GAIA_DR2,Helmi et al. 2018,DR2
carina_1,2018A&A...616A..12G,Helmi2018A&A...616A..12G,0.495,0.015,0.015,0.143,0.014,0.014,GAIA_DR2,Helmi et al. 2018,DR2
draco_1,2018A&A...616A..12G,Helmi2018A&A...616A..12G,-0.019,0.009,0.009,-0.145,0.01,0.01,GAIA_DR2,Helmi et al. 2018,DR2
fornax_1,2018A&A...616A..12G,Helmi2018A&A...616A..12G,0.376,0.003,0.003,-0.413,0.003,0.003,GAIA_DR2,Helmi et al. 2018,DR2
leo_1,2018A&A...616A..12G,Helmi2018A&A...616A..12G,-0.097,0.056,0.056,-0.091,0.047,0.047,GAIA_DR2,Helmi et al. 2018,DR2
leo_2,2018A&A...616A..12G,Helmi2018A&A...616A..12G,-0.064,0.057,0.057,-0.21,0.054,0.054,GAIA_DR2,Helmi et al. 2018,DR2
sagittarius_1,2018A&A...616A..12G,Helmi2018A&A...616A..12G,-2.692,0.001,0.001,-1.359,0.001,0.001,GAIA_DR2,Helmi et al. 2018,DR2
sculptor_1,2018A&A...616A..12G,Helmi2018A&A...616A..12G,0.082,0.005,0.005,-0.131,0.004,0.004,GAIA_DR2,Helmi et al. 2018,DR2
sextans_1,2018A&A...616A..12G,Helmi2018A&A...616A..12G,-0.496,0.025,0.025,0.077,0.02,0.02,GAIA_DR2,Helmi et al. 2018,DR2
ursa_minor_1,2018A&A...616A..12G,Helmi2018A&A...616A..12G,-0.182,0.01,0.01,0.074,0.008,0.008,GAIA_DR2,Helmi et al. 2018,DR2
antlia_2,2021ApJ...921...32J,Ji2021ApJ...921...32J,-0.094,0.007,0.007,0.103,0.008,0.008,GAIA_EDR3,Ji et al. 2021,EDR3
crater_2,2021ApJ...921...32J,Ji2021ApJ...921...32J,-0.073,0.021,0.021,-0.123,0.013,0.013,GAIA_EDR3,Ji et al. 2021,EDR3
aquarius_2,2018ApJ...867...19K,Kallivayalil2018ApJ...867...19K,-0.491,0.306,0.306,-0.049,0.266,0.266,GAIA_DR2,Kallivayalil et al. 2018,DR2
carina_2,2018ApJ...867...19K,Kallivayalil2018ApJ...867...19K,1.802,0.038,0.038,0.084,0.038,0.038,GAIA_DR2,Kallivayalil et al. 2018,DR2
carina_3,2018ApJ...867...19K,Kallivayalil2018ApJ...867...19K,3.065,0.095,0.095,1.567,0.104,0.104,GAIA_DR2,Kallivayalil et al. 2018,DR2
crater_2,2018ApJ...867...19K,Kallivayalil2018ApJ...867...19K,-0.246,0.052,0.052,-0.227,0.026,0.026,GAIA_DR2,Kallivayalil et al. 2018,DR2
draco_2,2018ApJ...867...19K,Kallivayalil2018ApJ...867...19K,1.165,0.26,0.26,0.866,0.27,0.27,GAIA_DR2,Kallivayalil et al. 2018,DR2
grus_1,2018ApJ...867...19K,Kallivayalil2018ApJ...867...19K,-0.254,0.22,0.22,-0.532,0.288,0.288,GAIA_DR2,Kallivayalil et al. 2018,DR2
horologium_1,2018ApJ...867...19K,Kallivayalil2018ApJ...867...19K,0.926,0.07,0.07,-0.569,0.065,0.065,GAIA_DR2,Kallivayalil et al. 2018,DR2
hydra_2,2018ApJ...867...19K,Kallivayalil2018ApJ...867...19K,-0.417,0.402,0.402,0.179,0.339,0.339,GAIA_DR2,Kallivayalil et al. 2018,DR2
hydrus_1,2018ApJ...867...19K,Kallivayalil2018ApJ...867...19K,3.773,0.032,0.032,-1.581,0.03,0.03,GAIA_DR2,Kallivayalil et al. 2018,DR2
reticulum_2,2018ApJ...867...19K,Kallivayalil2018ApJ...867...19K,2.398,0.039,0.039,-1.319,0.048,0.048,GAIA_DR2,Kallivayalil et al. 2018,DR2
triangulum_2,2018ApJ...867...19K,Kallivayalil2018ApJ...867...19K,0.588,0.187,0.187,0.554,0.161,0.161,GAIA_DR2,Kallivayalil et al. 2018,DR2
tucana_2,2018ApJ...867...19K,Kallivayalil2018ApJ...867...19K,0.966,0.049,0.049,-1.38,0.062,0.062,GAIA_DR2,Kallivayalil et al. 2018,DR2
tucana_3,2018ApJ...867...19K,Kallivayalil2018ApJ...867...19K,-0.026,0.037,0.037,-1.679,0.039,0.039,GAIA_DR2,Kallivayalil et al. 2018,DR2
leo_2,2011ApJ...741..100L,Lepine2011ApJ...741..100L,0.104,0.113,0.113,-0.033,0.151,0.151,HST,Lépine et al. 2011,10/14 year baseline
antlia_2,2021ApJ...916....8L,Li2021ApJ...916....8L,-0.101,0.02,0.02,0.113,0.02,0.02,GAIA_EDR3,Li et al. 2021,EDR3
aquarius_2,2021ApJ...916....8L,Li2021ApJ...916....8L,0.647,0.588,0.588,-0.298,0.548,0.548,GAIA_EDR3,Li et al. 2021,EDR3
bootes_1,2021ApJ...916....8L,Li2021ApJ...916....8L,-0.307,0.052,0.052,-1.157,0.043,0.043,GAIA_EDR3,Li et al. 2021,EDR3
bootes_2,2021ApJ...916....8L,Li2021ApJ...916....8L,-2.273,0.151,0.151,-0.361,0.115,0.115,GAIA_EDR3,Li et al. 2021,EDR3
canes_venatici_1,2021ApJ...916....8L,Li2021ApJ...916....8L,-0.084,0.052,0.052,-0.127,0.037,0.037,GAIA_EDR3,Li et al. 2021,EDR3
canes_venatici_2,2021ApJ...916....8L,Li2021ApJ...916....8L,-0.138,0.111,0.111,-0.32,0.082,0.082,GAIA_EDR3,Li et al. 2021,EDR3
carina_1,2021ApJ...916....8L,Li2021ApJ...916....8L,0.533,0.021,0.021,0.12,0.021,0.021,GAIA_EDR3,Li et al. 2021,EDR3
carina_2,2021ApJ...916....8L,Li2021ApJ...916....8L,1.887,0.043,0.043,0.164,0.043,0.043,GAIA_EDR3,Li et al. 2021,EDR3
carina_3,2021ApJ...916....8L,Li2021ApJ...916....8L,3.082,0.068,0.068,1.394,0.072,0.072,GAIA_EDR3,Li et al. 2021,EDR3
columba_1,2021ApJ...916....8L,Li2021ApJ...916....8L,0.189,0.119,0.119,-0.556,0.134,0.134,GAIA_EDR3,Li et al. 2021,EDR3
coma_berenices_1,2021ApJ...916....8L,Li2021ApJ...916....8L,0.374,0.059,0.059,-1.699,0.056,0.056,GAIA_EDR3,Li et al. 2021,EDR3
crater_1,2021ApJ...916....8L,Li2021ApJ...916....8L,0.056,0.127,0.127,-0.122,0.111,0.111,GAIA_EDR3,Li et al. 2021,EDR3
crater_2,2021ApJ...916....8L,Li2021ApJ...916....8L,-0.072,0.032,0.032,-0.123,0.025,0.025,GAIA_EDR3,Li et al. 2021,EDR3
draco_1,2021ApJ...916....8L,Li2021ApJ...916....8L,0.039,0.02,0.02,-0.181,0.02,0.02,GAIA_EDR3,Li et al. 2021,EDR3
draco_2,2021ApJ...916....8L,Li2021ApJ...916....8L,1.011,0.115,0.115,0.956,0.126,0.126,GAIA_EDR3,Li et al. 2021,EDR3
eridanus_2,2021ApJ...916....8L,Li2021ApJ...916....8L,0.095,0.133,0.133,-0.175,0.164,0.164,GAIA_EDR3,Li et al. 2021,EDR3
fornax_1,2021ApJ...916....8L,Li2021ApJ...916....8L,0.384,0.018,0.018,-0.364,0.019,0.019,GAIA_EDR3,Li et al. 2021,EDR3
grus_1,2021ApJ...916....8L,Li2021ApJ...916....8L,0.071,0.056,0.056,-0.27,0.078,0.078,GAIA_EDR3,Li et al. 2021,EDR3
grus_2,2021ApJ...916....8L,Li2021ApJ...916....8L,0.389,0.034,0.034,-1.526,0.036,0.036,GAIA_EDR3,Li et al. 2021,EDR3
hercules_1,2021ApJ...916....8L,Li2021ApJ...916....8L,-0.051,0.059,0.059,-0.332,0.051,0.051,GAIA_EDR3,Li et al. 2021,EDR3
horologium_1,2021ApJ...916....8L,Li2021ApJ...916....8L,0.865,0.047,0.047,-0.601,0.048,0.048,GAIA_EDR3,Li et al. 2021,EDR3
horologium_2,2021ApJ...916....8L,Li2021ApJ...916....8L,0.915,0.33,0.33,-0.913,0.439,0.439,GAIA_EDR3,Li et al. 2021,EDR3
hydra_2,2021ApJ...916....8L,Li2021ApJ...916....8L,-0.576,0.28,0.28,-0.101,0.212,0.212,GAIA_EDR3,Li et al. 2021,EDR3
hydrus_1,2021ApJ...916....8L,Li2021ApJ...916....8L,3.775,0.027,0.027,-1.513,0.027,0.027,GAIA_EDR3,Li et al. 2021,EDR3
leo_1,2021ApJ...916....8L,Li2021ApJ...916....8L,-0.066,0.029,0.029,-0.107,0.026,0.026,GAIA_EDR3,Li et al. 2021,EDR3
leo_2,2021ApJ...916....8L,Li2021ApJ...916....8L,-0.125,0.039,0.039,-0.122,0.036,0.036,GAIA_EDR3,Li et al. 2021,EDR3
leo_4,2021ApJ...916....8L,Li2021ApJ...916....8L,0.007,0.174,0.174,-0.261,0.134,0.134,GAIA_EDR3,Li et al. 2021,EDR3
leo_5,2021ApJ...916....8L,Li2021ApJ...916....8L,0.118,0.212,0.212,-0.387,0.151,0.151,GAIA_EDR3,Li et al. 2021,EDR3
phoenix_2,2021ApJ...916....8L,Li2021ApJ...916....8L,0.501,0.062,0.062,-1.199,0.076,0.076,GAIA_EDR3,Li et al. 2021,EDR3
pisces_2,2021ApJ...916....8L,Li2021ApJ...916....8L,0.675,0.299,0.299,-0.631,0.212,0.212,GAIA_EDR3,Li et al. 2021,EDR3
reticulum_2,2021ApJ...916....8L,Li2021ApJ...916....8L,2.391,0.029,0.029,-1.379,0.032,0.032,GAIA_EDR3,Li et al. 2021,EDR3
reticulum_3,2021ApJ...916....8L,Li2021ApJ...916....8L,0.519,0.222,0.222,-0.173,0.247,0.247,GAIA_EDR3,Li et al. 2021,EDR3
sagittarius_2,2021ApJ...916....8L,Li2021ApJ...916....8L,-0.71,0.077,0.077,-0.905,0.051,0.051,GAIA_EDR3,Li et al. 2021,EDR3
sculptor_1,2021ApJ...916....8L,Li2021ApJ...916....8L,0.096,0.019,0.019,-0.159,0.019,0.019,GAIA_EDR3,Li et al. 2021,EDR3
segue_1,2021ApJ...916....8L,Li2021ApJ...916....8L,-2.074,0.052,0.052,-3.411,0.043,0.043,GAIA_EDR3,Li et al. 2021,EDR3
segue_2,2021ApJ...916....8L,Li2021ApJ...916....8L,1.425,0.061,0.061,-0.313,0.052,0.052,GAIA_EDR3,Li et al. 2021,EDR3
sextans_1,2021ApJ...916....8L,Li2021ApJ...916....8L,-0.403,0.021,0.021,0.029,0.021,0.021,GAIA_EDR3,Li et al. 2021,EDR3
triangulum_2,2021ApJ...916....8L,Li2021ApJ...916....8L,0.602,0.081,0.081,0.085,0.093,0.093,GAIA_EDR3,Li et al. 2021,EDR3
tucana_2,2021ApJ...916....8L,Li2021ApJ...916....8L,0.935,0.031,0.031,-1.243,0.036,0.036,GAIA_EDR3,Li et al. 2021,EDR3
tucana_3,2021ApJ...916....8L,Li2021ApJ...916....8L,-0.111,0.023,0.023,-1.629,0.023,0.023,GAIA_EDR3,Li et al. 2021,EDR3
tucana_4,2021ApJ...916....8L,Li2021ApJ...916....8L,0.618,0.036,0.036,-1.696,0.038,0.038,GAIA_EDR3,Li et al. 2021,EDR3
tucana_5,2021ApJ...916....8L,Li2021ApJ...916....8L,-0.27,0.083,0.083,-1.253,0.11,0.11,GAIA_EDR3,Li et al. 2021,EDR3
ursa_major_1,2021ApJ...916....8L,Li2021ApJ...916....8L,-0.387,0.058,0.058,-0.641,0.068,0.068,GAIA_EDR3,Li et al. 2021,EDR3
ursa_major_2,2021ApJ...916....8L,Li2021ApJ...916....8L,1.701,0.12,0.12,-1.845,0.128,0.128,GAIA_EDR3,Li et al. 2021,EDR3
ursa_minor_1,2021ApJ...916....8L,Li2021ApJ...916....8L,-0.114,0.02,0.02,0.069,0.02,0.02,GAIA_EDR3,Li et al. 2021,EDR3
willman_1,2021ApJ...916....8L,Li2021ApJ...916....8L,0.295,0.086,0.086,-1.074,0.131,0.131,GAIA_EDR3,Li et al. 2021,EDR3
draco_2,2018MNRAS.480.2609L,Longeard2018MNRAS.480.2609L,0.54,0.27,0.27,0.94,0.28,0.28,GAIA_DR2,Longeard et al. 2018,DR2
sagittarius_2,2020MNRAS.491..356L,Longeard2020MNRAS.491..356L,-0.65,0.1,0.08,-0.88,0.12,0.12,GAIA_DR2,Longeard et al. 2020,DR2
bootes_1,2022MNRAS.516.2348L,Longeard2022MNRAS.516.2348L,-0.39,0.02,0.02,-1.07,0.01,0.01,GAIA_EDR3,Longeard et al. 2022,EDR3
bootes_1,2021MNRAS.505.5884M,MartinezGarcia2021MNRAS.505.5884M,-0.378,0.024,0.024,-1.061,0.018,0.018,GAIA_EDR3,Martinez-Garcia et al. 2021,EDR3
canes_venatici_1,2021MNRAS.505.5884M,MartinezGarcia2021MNRAS.505.5884M,-0.137,0.043,0.043,-0.108,0.027,0.027,GAIA_EDR3,Martinez-Garcia et al. 2021,EDR3
carina_1,2021MNRAS.505.5884M,MartinezGarcia2021MNRAS.505.5884M,0.531,0.009,0.009,0.126,0.009,0.009,GAIA_EDR3,Martinez-Garcia et al. 2021,EDR3
crater_2,2021MNRAS.505.5884M,MartinezGarcia2021MNRAS.505.5884M,-0.113,0.037,0.037,-0.086,0.025,0.025,GAIA_EDR3,Martinez-Garcia et al. 2021,EDR3
draco_1,2021MNRAS.505.5884M,MartinezGarcia2021MNRAS.505.5884M,0.035,0.007,0.007,-0.18,0.008,0.008,GAIA_EDR3,Martinez-Garcia et al. 2021,EDR3
fornax_1,2021MNRAS.505.5884M,MartinezGarcia2021MNRAS.505.5884M,0.38,0.001,0.001,-0.361,0.002,0.002,GAIA_EDR3,Martinez-Garcia et al. 2021,EDR3
leo_1,2021MNRAS.505.5884M,MartinezGarcia2021MNRAS.505.5884M,-0.06,0.024,0.024,-0.112,0.017,0.017,GAIA_EDR3,Martinez-Garcia et al. 2021,EDR3
leo_2,2021MNRAS.505.5884M,MartinezGarcia2021MNRAS.505.5884M,-0.124,0.049,0.049,-0.141,0.047,0.047,GAIA_EDR3,Martinez-Garcia et al. 2021,EDR3
reticulum_2,2021MNRAS.505.5884M,MartinezGarcia2021MNRAS.505.5884M,2.479,0.037,0.037,-1.268,0.043,0.043,GAIA_EDR3,Martinez-Garcia et al. 2021,EDR3
sagittarius_2,2021MNRAS.505.5884M,MartinezGarcia2021MNRAS.505.5884M,-0.777,0.061,0.061,-0.842,0.038,0.038,GAIA_EDR3,Martinez-Garcia et al. 2021,EDR3
sculptor_1,2021MNRAS.505.5884M,MartinezGarcia2021MNRAS.505.5884M,0.093,0.003,0.003,-0.159,0.002,0.002,GAIA_EDR3,Martinez-Garcia et al. 2021,EDR3
sextans_1,2021MNRAS.505.5884M,MartinezGarcia2021MNRAS.505.5884M,-0.387,0.013,0.013,0.038,0.013,0.013,GAIA_EDR3,Martinez-Garcia et al. 2021,EDR3
ursa_major_1,2021MNRAS.505.5884M,MartinezGarcia2021MNRAS.505.5884M,-0.405,0.056,0.056,-0.616,0.065,0.065,GAIA_EDR3,Martinez-Garcia et al. 2021,EDR3
ursa_minor_1,2021MNRAS.505.5884M,MartinezGarcia2021MNRAS.505.5884M,-0.116,0.006,0.006,0.076,0.006,0.006,GAIA_EDR3,Martinez-Garcia et al. 2021,EDR3
sagittarius_1,2013ApJ...779...81M,Massari2013ApJ...779...81M,-2.54,0.18,0.18,-1.19,0.16,0.16,HST,Massari et al. 2013,~5 year baseline
sagittarius_1,2013ApJ...779...81M,Massari2013ApJ...779...81M,-2.59,0.11,0.11,-1.45,0.11,0.11,HST,Massari et al. 2013,~5 year baseline; perspective motion corrected and average of 3 proper motion measurements
bootes_3,2018A&A...620A.155M,Massari2018A&A...620A.155M,-1.21,0.13,0.13,-0.92,0.17,0.17,GAIA_DR2,Massari et al. 2018,DR2
carina_2,2018A&A...620A.155M,Massari2018A&A...620A.155M,1.81,0.08,0.08,0.14,0.08,0.08,GAIA_DR2,Massari et al. 2018,DR2
grus_2,2018A&A...620A.155M,Massari2018A&A...620A.155M,0.22,0.12,0.12,-1.41,0.11,0.11,GAIA_DR2,Massari et al. 2018,DR2
reticulum_2,2018A&A...620A.155M,Massari2018A&A...620A.155M,2.34,0.12,0.12,-1.31,0.13,0.13,GAIA_DR2,Massari et al. 2018,DR2
sagittarius_2,2018A&A...620A.155M,Massari2018A&A...620A.155M,-1.18,0.14,0.14,-1.14,0.11,0.11,GAIA_DR2,Massari et al. 2018,DR2
segue_2,2018A&A...620A.155M,Massari2018A&A...620A.155M,1.27,0.11,0.11,-0.1,0.15,0.15,GAIA_DR2,Massari et al. 2018,DR2
tucana_4,2018A&A...620A.155M,Massari2018A&A...620A.155M,0.72,0.09,0.09,-1.71,0.1,0.1,GAIA_DR2,Massari et al. 2018,DR2
sculptor_1,2018NatAs...2..156M,Massari2018NatAs...2..156M,-0.2,0.14,0.14,-0.33,0.11,0.11,GAIA_DR2_HST,Massari et al. 2018,12.27 year baseline; includes HST
bliss_1,2019ApJ...875..154M,Mau2019ApJ...875..154M,-2.37,0.06,0.06,0.16,0.04,0.04,GAIA_DR2,Mau et al. 2018,DR2
centaurus_1,2020ApJ...890..136M,Mau2020ApJ...890..136M,0.0,0.18,0.19,-0.46,0.26,0.25,GAIA_DR2,Mau et al. 2020,DR2
antlia_2,2020AJ....160..124M,McConnachie2020AJ....160..124M,-0.05,0.04,0.04,0.04,0.05,0.04,GAIA_DR2,McConnachie et al. 2020,DR2
aquarius_2,2020AJ....160..124M,McConnachie2020AJ....160..124M,0,0.16,0.16,-0.2,0.15,0.16,GAIA_DR2,McConnachie et al. 2020,DR2
bootes_1,2020AJ....160..124M,McConnachie2020AJ....160..124M,-0.47,0.04,0.04,-1.07,0.03,0.03,GAIA_DR2,McConnachie et al. 2020,DR2
bootes_2,2020AJ....160..124M,McConnachie2020AJ....160..124M,-2.25,0.21,0.21,-0.63,0.15,0.15,GAIA_DR2,McConnachie et al. 2020,DR2
canes_venatici_1,2020AJ....160..124M,McConnachie2020AJ....160..124M,-0.26,0.05,0.05,-0.06,0.03,0.03,GAIA_DR2,McConnachie et al. 2020,DR2
canes_venatici_2,2020AJ....160..124M,McConnachie2020AJ....160..124M,-0.34,0.11,0.11,-0.35,0.1,0.1,GAIA_DR2,McConnachie et al. 2020,DR2
carina_1,2020AJ....160..124M,McConnachie2020AJ....160..124M,0.48,0.01,0.01,0.13,0.01,0.01,GAIA_DR2,McConnachie et al. 2020,DR2
carina_2,2020AJ....160..124M,McConnachie2020AJ....160..124M,1.84,0.03,0.03,0.11,0.03,0.03,GAIA_DR2,McConnachie et al. 2020,DR2
carina_3,2020AJ....160..124M,McConnachie2020AJ....160..124M,2.99,0.08,0.08,1.49,0.09,0.1,GAIA_DR2,McConnachie et al. 2020,DR2
centaurus_1,2020AJ....160..124M,McConnachie2020AJ....160..124M,-0.13,0.13,0.13,-0.17,0.14,0.14,GAIA_DR2,McConnachie et al. 2020,DR2
cetus_2,2020AJ....160..124M,McConnachie2020AJ....160..124M,2.24,1.05,0.63,0.37,0.66,0.16,GAIA_DR2,McConnachie et al. 2020,DR2
columba_1,2020AJ....160..124M,McConnachie2020AJ....160..124M,0.21,0.09,0.09,-0.14,0.09,0.1,GAIA_DR2,McConnachie et al. 2020,DR2
coma_berenices_1,2020AJ....160..124M,McConnachie2020AJ....160..124M,0.5,0.05,0.05,-1.67,0.04,0.04,GAIA_DR2,McConnachie et al. 2020,DR2
crater_2,2020AJ....160..124M,McConnachie2020AJ....160..124M,-0.17,0.04,0.04,-0.09,0.02,0.02,GAIA_DR2,McConnachie et al. 2020,DR2
draco_1,2020AJ....160..124M,McConnachie2020AJ....160..124M,-0.01,0.01,0.01,-0.14,0.01,0.01,GAIA_DR2,McConnachie et al. 2020,DR2
draco_2,2020AJ....160..124M,McConnachie2020AJ....160..124M,1.06,0.17,0.17,0.96,0.18,0.18,GAIA_DR2,McConnachie et al. 2020,DR2
eridanus_2,2020AJ....160..124M,McConnachie2020AJ....160..124M,0.11,0.05,0.05,-0.06,0.05,0.05,GAIA_DR2,McConnachie et al. 2020,DR2
eridanus_2,2020AJ....160..124M,McConnachie2020AJ....160..124M,0.35,0.2,0.21,-0.08,0.25,0.25,GAIA_DR2,McConnachie et al. 2020,DR2
eridanus_3,2020AJ....160..124M,McConnachie2020AJ....160..124M,0.73,0.18,0.18,-0.35,0.17,0.17,GAIA_DR2,McConnachie et al. 2020,DR2
fornax_1,2020AJ....160..124M,McConnachie2020AJ....160..124M,0.38,0.002,0.002,-0.416,0.003,0.004,GAIA_DR2,McConnachie et al. 2020,DR2
grus_1,2020AJ....160..124M,McConnachie2020AJ....160..124M,-0.05,0.12,0.12,-0.41,0.14,0.14,GAIA_DR2,McConnachie et al. 2020,DR2
grus_2,2020AJ....160..124M,McConnachie2020AJ....160..124M,0.48,0.06,0.06,-1.41,0.09,0.08,GAIA_DR2,McConnachie et al. 2020,DR2
hercules_1,2020AJ....160..124M,McConnachie2020AJ....160..124M,-0.13,0.07,0.07,-0.39,0.06,0.06,GAIA_DR2,McConnachie et al. 2020,DR2
horologium_1,2020AJ....160..124M,McConnachie2020AJ....160..124M,0.87,0.05,0.05,-0.58,0.05,0.05,GAIA_DR2,McConnachie et al. 2020,DR2
horologium_2,2020AJ....160..124M,McConnachie2020AJ....160..124M,0.89,0.23,0.22,-0.21,0.25,0.25,GAIA_DR2,McConnachie et al. 2020,DR2
hydra_2,2020AJ....160..124M,McConnachie2020AJ....160..124M,-0.26,0.13,0.13,-0.05,0.12,0.12,GAIA_DR2,McConnachie et al. 2020,DR2
hydrus_1,2020AJ....160..124M,McConnachie2020AJ....160..124M,3.77,0.03,0.03,-1.55,0.03,0.03,GAIA_DR2,McConnachie et al. 2020,DR2
indus_1,2020AJ....160..124M,McConnachie2020AJ....160..124M,0.21,0.19,0.16,-0.72,0.19,0.31,GAIA_DR2,McConnachie et al. 2020,DR2
leo_1,2020AJ....160..124M,McConnachie2020AJ....160..124M,-0.06,0.07,0.07,-0.18,0.08,0.08,GAIA_DR2,McConnachie et al. 2020,DR2
leo_2,2020AJ....160..124M,McConnachie2020AJ....160..124M,-0.12,0.06,0.06,-0.17,0.06,0.06,GAIA_DR2,McConnachie et al. 2020,DR2
leo_4,2020AJ....160..124M,McConnachie2020AJ....160..124M,-0.2,0.13,0.13,-0.26,0.12,0.12,GAIA_DR2,McConnachie et al. 2020,DR2
leo_5,2020AJ....160..124M,McConnachie2020AJ....160..124M,-0.11,0.11,0.1,-0.21,0.1,0.1,GAIA_DR2,McConnachie et al. 2020,DR2
leo_t,2020AJ....160..124M,McConnachie2020AJ....160..124M,-0.01,0.05,0.05,-0.11,0.05,0.05,GAIA_DR2,McConnachie et al. 2020,DR2
leo_t,2020AJ....160..124M,McConnachie2020AJ....160..124M,0.1,0.69,0.67,0.01,0.56,0.57,GAIA_DR2,McConnachie et al. 2020,DR2
phoenix_1,2020AJ....160..124M,McConnachie2020AJ....160..124M,0.08,0.05,0.05,-0.08,0.05,0.05,GAIA_DR2,McConnachie et al. 2020,DR2
phoenix_1,2020AJ....160..124M,McConnachie2020AJ....160..124M,0.08,0.15,0.15,-0.08,0.18,0.18,GAIA_DR2,McConnachie et al. 2020,DR2
phoenix_2,2020AJ....160..124M,McConnachie2020AJ....160..124M,0.44,0.07,0.08,-1.03,0.09,0.09,GAIA_DR2,McConnachie et al. 2020,DR2
pictor_1,2020AJ....160..124M,McConnachie2020AJ....160..124M,0.18,0.13,0.13,0,0.15,0.15,GAIA_DR2,McConnachie et al. 2020,DR2
pictor_2,2020AJ....160..124M,McConnachie2020AJ....160..124M,1.18,0.47,0.14,1.15,0.75,0.13,GAIA_DR2,McConnachie et al. 2020,DR2
pisces_2,2020AJ....160..124M,McConnachie2020AJ....160..124M,0.07,0.11,0.11,-0.26,0.11,0.11,GAIA_DR2,McConnachie et al. 2020,DR2
reticulum_2,2020AJ....160..124M,McConnachie2020AJ....160..124M,2.29,0.03,0.03,-1.3,0.03,0.03,GAIA_DR2,McConnachie et al. 2020,DR2
reticulum_3,2020AJ....160..124M,McConnachie2020AJ....160..124M,0.05,0.21,0.21,-0.09,0.2,0.2,GAIA_DR2,McConnachie et al. 2020,DR2
sagittarius_2,2020AJ....160..124M,McConnachie2020AJ....160..124M,-0.65,0.07,0.07,-0.96,0.04,0.04,GAIA_DR2,McConnachie et al. 2020,DR2
sculptor_1,2020AJ....160..124M,McConnachie2020AJ....160..124M,0.081,0.005,0.005,-0.136,0.004,0.004,GAIA_DR2,McConnachie et al. 2020,DR2
segue_1,2020AJ....160..124M,McConnachie2020AJ....160..124M,-1.59,0.22,0.23,-3.5,0.21,0.2,GAIA_DR2,McConnachie et al. 2020,DR2
segue_2,2020AJ....160..124M,McConnachie2020AJ....160..124M,1.68,0.13,0.12,0.12,0.08,0.08,GAIA_DR2,McConnachie et al. 2020,DR2
sextans_1,2020AJ....160..124M,McConnachie2020AJ....160..124M,-0.44,0.02,0.02,0.09,0.02,0.02,GAIA_DR2,McConnachie et al. 2020,DR2
triangulum_2,2020AJ....160..124M,McConnachie2020AJ....160..124M,0.62,0.15,0.13,0.42,0.11,0.11,GAIA_DR2,McConnachie et al. 2020,DR2
tucana_2,2020AJ....160..124M,McConnachie2020AJ....160..124M,0.94,0.05,0.05,-1.22,0.06,0.06,GAIA_DR2,McConnachie et al. 2020,DR2
tucana_3,2020AJ....160..124M,McConnachie2020AJ....160..124M,-0.02,0.03,0.03,-1.67,0.03,0.03,GAIA_DR2,McConnachie et al. 2020,DR2
tucana_4,2020AJ....160..124M,McConnachie2020AJ....160..124M,0.63,0.12,0.13,-1.54,0.11,0.1,GAIA_DR2,McConnachie et al. 2020,DR2
tucana_5,2020AJ....160..124M,McConnachie2020AJ....160..124M,-0.1,0.2,0.09,-1.01,0.1,0.23,GAIA_DR2,McConnachie et al. 2020,DR2
ursa_major_1,2020AJ....160..124M,McConnachie2020AJ....160..124M,-0.56,0.06,0.06,-0.68,0.08,0.08,GAIA_DR2,McConnachie et al. 2020,DR2
ursa_major_2,2020AJ....160..124M,McConnachie2020AJ....160..124M,1.72,0.05,0.05,-1.84,0.06,0.06,GAIA_DR2,McConnachie et al. 2020,DR2
ursa_minor_1,2020AJ....160..124M,McConnachie2020AJ....160..124M,-0.16,0.01,0.01,0.06,0.01,0.01,GAIA_DR2,McConnachie et al. 2020,DR2
willman_1,2020AJ....160..124M,McConnachie2020AJ....160..124M,0.36,0.1,0.1,-1.04,0.18,0.18,GAIA_DR2,McConnachie et al. 2020,DR2
antlia_2,2020RNAAS...4..229M,McConnachie2020RNAAS...4..229M,-0.09,0.01,0.01,0.12,0.01,0.01,GAIA_EDR3,McConnachie et al. 2020b,EDR3
aquarius_2,2020RNAAS...4..229M,McConnachie2020RNAAS...4..229M,-0.17,0.1,0.1,-0.43,0.08,0.08,GAIA_EDR3,McConnachie et al. 2020b,EDR3
bootes_1,2020RNAAS...4..229M,McConnachie2020RNAAS...4..229M,-0.39,0.01,0.01,-1.06,0.01,0.01,GAIA_EDR3,McConnachie et al. 2020b,EDR3
bootes_2,2020RNAAS...4..229M,McConnachie2020RNAAS...4..229M,-2.33,0.08,0.09,-0.41,0.06,0.06,GAIA_EDR3,McConnachie et al. 2020b,EDR3
bootes_4,2020RNAAS...4..229M,McConnachie2020RNAAS...4..229M,-0.15,0.1,0.1,-0.1,0.1,0.1,GAIA_EDR3,McConnachie et al. 2020b,EDR3
canes_venatici_1,2020RNAAS...4..229M,McConnachie2020RNAAS...4..229M,-0.11,0.02,0.02,-0.12,0.02,0.02,GAIA_EDR3,McConnachie et al. 2020b,EDR3
canes_venatici_2,2020RNAAS...4..229M,McConnachie2020RNAAS...4..229M,-0.15,0.07,0.07,-0.27,0.06,.06,GAIA_EDR3,McConnachie et al. 2020b,EDR3
carina_1,2020RNAAS...4..229M,McConnachie2020RNAAS...4..229M,0.53,0.01,0.01,0.12,0.01,0.01,GAIA_EDR3,McConnachie et al. 2020b,EDR3
carina_2,2020RNAAS...4..229M,McConnachie2020RNAAS...4..229M,1.88,0.01,0.01,0.13,0.02,0.02,GAIA_EDR3,McConnachie et al. 2020b,EDR3
carina_3,2020RNAAS...4..229M,McConnachie2020RNAAS...4..229M,3.12,0.05,0.05,1.54,0.07,0.06,GAIA_EDR3,McConnachie et al. 2020b,EDR3
centaurus_1,2020RNAAS...4..229M,McConnachie2020RNAAS...4..229M,-0.14,0.05,0.05,-0.2,0.04,0.04,GAIA_EDR3,McConnachie et al. 2020b,EDR3
cetus_2,2020RNAAS...4..229M,McConnachie2020RNAAS...4..229M,2.84,0.07,0.05,0.46,0.07,0.06,GAIA_EDR3,McConnachie et al. 2020b,EDR3
cetus_3,2020RNAAS...4..229M,McConnachie2020RNAAS...4..229M,0.14,0.08,0.08,-0.16,0.08,0.08,GAIA_EDR3,McConnachie et al. 2020b,EDR3
columba_1,2020RNAAS...4..229M,McConnachie2020RNAAS...4..229M,0.19,0.06,0.06,-0.36,00.06,0.06,GAIA_EDR3,McConnachie et al. 2020b,EDR3
coma_berenices_1,2020RNAAS...4..229M,McConnachie2020RNAAS...4..229M,0.41,0.02,0.02,-1.71,0.02,0.02,GAIA_EDR3,McConnachie et al. 2020b,EDR3
crater_2,2020RNAAS...4..229M,McConnachie2020RNAAS...4..229M,-0.07,0.02,0.02,-0.11,0.01,0.01,GAIA_EDR3,McConnachie et al. 2020b,EDR3
draco_1,2020RNAAS...4..229M,McConnachie2020RNAAS...4..229M,0.042,0.005,0.005,-0.19,0.01,0.01,GAIA_EDR3,McConnachie et al. 2020b,EDR3
draco_2,2020RNAAS...4..229M,McConnachie2020RNAAS...4..229M,1.08,0.07,0.07,0.91,0.08,0.08,GAIA_EDR3,McConnachie et al. 2020b,EDR3
eridanus_2,2020RNAAS...4..229M,McConnachie2020RNAAS...4..229M,0.12,0.05,0.05,-0.06,0.05,0.05,GAIA_EDR3,McConnachie et al. 2020b,EDR3
eridanus_2,2020RNAAS...4..229M,McConnachie2020RNAAS...4..229M,0.21,0.09,0.09,-0.05,0.11,0.11,GAIA_EDR3,McConnachie et al. 2020b,EDR3
eridanus_3,2020RNAAS...4..229M,McConnachie2020RNAAS...4..229M,1.08,0.45,0.14,-0.49,0.13,0.17,GAIA_EDR3,McConnachie et al. 2020b,EDR3
fornax_1,2020RNAAS...4..229M,McConnachie2020RNAAS...4..229M,0.382,0.001,0.001,-0.359,0.002,0.002,GAIA_EDR3,McConnachie et al. 2020b,EDR3
grus_1,2020RNAAS...4..229M,McConnachie2020RNAAS...4..229M,0.07,0.05,0.05,-0.29,0.07,0.06,GAIA_EDR3,McConnachie et al. 2020b,EDR3
grus_2,2020RNAAS...4..229M,McConnachie2020RNAAS...4..229M,0.38,0.03,0.03,-1.46,0.04,0.04,GAIA_EDR3,McConnachie et al. 2020b,EDR3
hercules_1,2020RNAAS...4..229M,McConnachie2020RNAAS...4..229M,-0.03,0.04,0.04,-0.36,0.03,0.03,GAIA_EDR3,McConnachie et al. 2020b,EDR3
horologium_1,2020RNAAS...4..229M,McConnachie2020RNAAS...4..229M,0.82,0.03,0.03,-0.61,0.03,0.03,GAIA_EDR3,McConnachie et al. 2020b,EDR3
horologium_2,2020RNAAS...4..229M,McConnachie2020RNAAS...4..229M,0.76,0.29,0.2,-0.41,0.21,0.23,GAIA_EDR3,McConnachie et al. 2020b,EDR3
hydra_2,2020RNAAS...4..229M,McConnachie2020RNAAS...4..229M,-0.34,0.1,0.1,-0.09,0.09,0.08,GAIA_EDR3,McConnachie et al. 2020b,EDR3
hydrus_1,2020RNAAS...4..229M,McConnachie2020RNAAS...4..229M,3.79,0.01,0.01,-1.5,0.01,0.01,GAIA_EDR3,McConnachie et al. 2020b,EDR3
indus_1,2020RNAAS...4..229M,McConnachie2020RNAAS...4..229M,0.36,0.07,0.07,-0.85,0.06,0.06,GAIA_EDR3,McConnachie et al. 2020b,EDR3
leo_1,2020RNAAS...4..229M,McConnachie2020RNAAS...4..229M,-0.05,0.01,0.01,-0.11,0.01,0.01,GAIA_EDR3,McConnachie et al. 2020b,EDR3
leo_2,2020RNAAS...4..229M,McConnachie2020RNAAS...4..229M,-0.14,0.02,0.02,-0.12,0.02,0.02,GAIA_EDR3,McConnachie et al. 2020b,EDR3
leo_4,2020RNAAS...4..229M,McConnachie2020RNAAS...4..229M,-0.08,0.09,0.09,-0.21,0.08,0.08,GAIA_EDR3,McConnachie et al. 2020b,EDR3
leo_5,2020RNAAS...4..229M,McConnachie2020RNAAS...4..229M,-0.06,0.09,0.09,-0.25,0.08,0.09,GAIA_EDR3,McConnachie et al. 2020b,EDR3
leo_t,2020RNAAS...4..229M,McConnachie2020RNAAS...4..229M,-0.01,0.05,0.05,-0.11,0.05,0.05,GAIA_EDR3,McConnachie et al. 2020b,EDR3
leo_t,2020RNAAS...4..229M,McConnachie2020RNAAS...4..229M,0.18,0.29,0.28,-0.08,0.16,0.17,GAIA_EDR3,McConnachie et al. 2020b,EDR3
pegasus_3,2020RNAAS...4..229M,McConnachie2020RNAAS...4..229M,0.06,0.1,0.1,-0.2,0.1,0.1,GAIA_EDR3,McConnachie et al. 2020b,EDR3
phoenix_1,2020RNAAS...4..229M,McConnachie2020RNAAS...4..229M,0.09,0.03,0.03,-0.07,0.03,0.03,GAIA_EDR3,McConnachie et al. 2020b,EDR3
phoenix_1,2020RNAAS...4..229M,McConnachie2020RNAAS...4..229M,0.09,0.03,0.03,-0.07,0.04,0.04,GAIA_EDR3,McConnachie et al. 2020b,EDR3
phoenix_2,2020RNAAS...4..229M,McConnachie2020RNAAS...4..229M,0.48,0.04,0.04,-1.17,0.05,0.05,GAIA_EDR3,McConnachie et al. 2020b,EDR3
pictor_1,2020RNAAS...4..229M,McConnachie2020RNAAS...4..229M,0.16,0.08,0.08,0,0.1,0.1,GAIA_EDR3,McConnachie et al. 2020b,EDR3
pictor_2,2020RNAAS...4..229M,McConnachie2020RNAAS...4..229M,1.17,0.08,0.1,1.12,0.07,0.07,GAIA_EDR3,McConnachie et al. 2020b,EDR3
pisces_2,2020RNAAS...4..229M,McConnachie2020RNAAS...4..229M,0.11,0.11,0.11,-0.24,0.11,0.12,GAIA_EDR3,McConnachie et al. 2020b,EDR3
reticulum_2,2020RNAAS...4..229M,McConnachie2020RNAAS...4..229M,2.39,0.01,0.01,-1.36,0.02,0.02,GAIA_EDR3,McConnachie et al. 2020b,EDR3
reticulum_3,2020RNAAS...4..229M,McConnachie2020RNAAS...4..229M,0.36,0.14,0.14,0.05,0.25,0.19,GAIA_EDR3,McConnachie et al. 2020b,EDR3
sagittarius_2,2020RNAAS...4..229M,McConnachie2020RNAAS...4..229M,-0.77,0.03,0.03,-0.89,0.02,0.02,GAIA_EDR3,McConnachie et al. 2020b,EDR3
sculptor_1,2020RNAAS...4..229M,McConnachie2020RNAAS...4..229M,0.099,0.002,0.002,-0.16,0.002,0.002,GAIA_EDR3,McConnachie et al. 2020b,EDR3
segue_1,2020RNAAS...4..229M,McConnachie2020RNAAS...4..229M,-2.21,0.06,0.06,-3.34,0.05,0.05,GAIA_EDR3,McConnachie et al. 2020b,EDR3
segue_2,2020RNAAS...4..229M,McConnachie2020RNAAS...4..229M,1.47,0.04,0.04,-0.31,0.04,0.04,GAIA_EDR3,McConnachie et al. 2020b,EDR3
sextans_1,2020RNAAS...4..229M,McConnachie2020RNAAS...4..229M,-0.41,0.01,0.01,0.04,0.01,0.01,GAIA_EDR3,McConnachie et al. 2020b,EDR3
triangulum_2,2020RNAAS...4..229M,McConnachie2020RNAAS...4..229M,0.56,0.05,0.05,0.07,0.06,0.06,GAIA_EDR3,McConnachie et al. 2020b,EDR3
tucana_2,2020RNAAS...4..229M,McConnachie2020RNAAS...4..229M,0.9,0.02,0.02,-1.26,0.02,0.02,GAIA_EDR3,McConnachie et al. 2020b,EDR3
tucana_3,2020RNAAS...4..229M,McConnachie2020RNAAS...4..229M,-0.08,0.01,0.01,-1.62,0.02,0.02,GAIA_EDR3,McConnachie et al. 2020b,EDR3
tucana_4,2020RNAAS...4..229M,McConnachie2020RNAAS...4..229M,0.54,0.06,0.06,-1.67,0.07,0.07,GAIA_EDR3,McConnachie et al. 2020b,EDR3
tucana_5,2020RNAAS...4..229M,McConnachie2020RNAAS...4..229M,-0.14,0.05,0.06,-1.15,0.06,0.08,GAIA_EDR3,McConnachie et al. 2020b,EDR3
ursa_major_1,2020RNAAS...4..229M,McConnachie2020RNAAS...4..229M,-0.39,0.03,0.03,-0.63,0.03,0.03,GAIA_EDR3,McConnachie et al. 2020b,EDR3
ursa_major_2,2020RNAAS...4..229M,McConnachie2020RNAAS...4..229M,1.72,0.02,0.02,-1.89,0.03,0.03,GAIA_EDR3,McConnachie et al. 2020b,EDR3
ursa_minor_1,2020RNAAS...4..229M,McConnachie2020RNAAS...4..229M,-0.124,0.004,0.004,0.078,0.004,0.004,GAIA_EDR3,McConnachie et al. 2020b,EDR3
virgo_1,2020RNAAS...4..229M,McConnachie2020RNAAS...4..229M,-0.32,0.14,0.14,-0.62,0.08,0.1,GAIA_EDR3,McConnachie et al. 2020b,EDR3
willman_1,2020RNAAS...4..229M,McConnachie2020RNAAS...4..229M,0.21,0.06,0.06,-1.08,0.09,0.09,GAIA_EDR3,McConnachie et al. 2020b,EDR3
fornax_1,2011AJ....142...93M,Mendez2011AJ....142...93M,0.62,0.16,0.16,-0.53,0.15,0.15,Ground,Méndez et al. 2011,8 year baseline
leo_5,2019ApJ...885...53M,MutluPakdil2019ApJ...885...53M,0.009,0.56,0.56,-0.777,0.314,0.314,GAIA_DR2,Mutlu-Pakdil et al. 2019,DR2
columba_1,2019ApJ...875...77P,Pace2019ApJ...875...77P,-0.02,0.27,0.24,-0.04,0.3,0.3,GAIA_DR2,Pace et al. 2019,DR2
eridanus_2,2019ApJ...875...77P,Pace2019ApJ...875...77P,0.16,0.24,0.24,0.15,0.26,0.26,GAIA_DR2,Pace et al. 2019,DR2
grus_1,2019ApJ...875...77P,Pace2019ApJ...875...77P,-0.25,0.16,0.16,-0.47,0.23,0.23,GAIA_DR2,Pace et al. 2019,DR2
grus_2,2019ApJ...875...77P,Pace2019ApJ...875...77P,0.43,0.08,0.09,-1.45,0.15,0.11,GAIA_DR2,Pace et al. 2019,DR2
horologium_1,2019ApJ...875...77P,Pace2019ApJ...875...77P,0.95,0.07,0.07,-0.55,0.06,0.06,GAIA_DR2,Pace et al. 2019,DR2
phoenix_2,2019ApJ...875...77P,Pace2019ApJ...875...77P,0.49,0.1,0.11,-1.03,0.12,0.12,GAIA_DR2,Pace et al. 2019,DR2
pictor_1,2019ApJ...875...77P,Pace2019ApJ...875...77P,0.01,0.19,0.19,0.2,0.25,0.26,GAIA_DR2,Pace et al. 2019,DR2
reticulum_2,2019ApJ...875...77P,Pace2019ApJ...875...77P,2.36,0.05,0.05,-1.32,0.06,0.06,GAIA_DR2,Pace et al. 2019,DR2
reticulum_3,2019ApJ...875...77P,Pace2019ApJ...875...77P,-1.02,0.3,0.32,-1.23,0.36,0.4,GAIA_DR2,Pace et al. 2019,DR2
tucana_2,2019ApJ...875...77P,Pace2019ApJ...875...77P,0.91,0.06,0.06,-1.16,0.08,0.08,GAIA_DR2,Pace et al. 2019,DR2
tucana_3,2019ApJ...875...77P,Pace2019ApJ...875...77P,-0.03,0.04,0.04,-1.65,0.04,0.04,GAIA_DR2,Pace et al. 2019,DR2
tucana_4,2019ApJ...875...77P,Pace2019ApJ...875...77P,0.63,0.22,0.25,-1.71,0.24,0.2,GAIA_DR2,Pace et al. 2019,DR2
ursa_minor_1,2020MNRAS.495.3022P,Pace2020MNRAS.495.3022P,-0.151,0.014,0.014,0.065,0.013,0.013,GAIA_DR2,Pace et al. 2020,DR2
fornax_1,2021ApJ...923...77P,Pace2021ApJ...923...77P,0.382,0.002,0.002,-0.362,0.003,0.003,GAIA_EDR3,Pace et al. 2021,EDR3
antlia_2,2022ApJ...940..136P,Pace2022ApJ...940..136P,-0.093,0.008,0.008,0.1,0.009,0.009,GAIA_EDR3,Pace et al. 2022,EDR3
aquarius_2,2022ApJ...940..136P,Pace2022ApJ...940..136P,-0.179,0.113,0.119,-0.466,0.095,0.096,GAIA_EDR3,Pace et al. 2022,EDR3
bootes_1,2022ApJ...940..136P,Pace2022ApJ...940..136P,-0.385,0.017,0.017,-1.068,0.013,0.013,GAIA_EDR3,Pace et al. 2022,EDR3
bootes_2,2022ApJ...940..136P,Pace2022ApJ...940..136P,-2.426,0.077,0.08,-0.414,0.061,0.061,GAIA_EDR3,Pace et al. 2022,EDR3
bootes_3,2022ApJ...940..136P,Pace2022ApJ...940..136P,-1.176,0.019,0.019,-0.89,0.015,0.015,GAIA_EDR3,Pace et al. 2022,EDR3
bootes_4,2022ApJ...940..136P,Pace2022ApJ...940..136P,0.469,0.244,0.18,0.489,0.255,0.256,GAIA_EDR3,Pace et al. 2022,EDR3
canes_venatici_1,2022ApJ...940..136P,Pace2022ApJ...940..136P,-0.096,0.031,0.03,-0.116,0.02,0.02,GAIA_EDR3,Pace et al. 2022,EDR3
canes_venatici_2,2022ApJ...940..136P,Pace2022ApJ...940..136P,-0.124,0.115,0.117,-0.254,0.08,0.082,GAIA_EDR3,Pace et al. 2022,EDR3
carina_1,2022ApJ...940..136P,Pace2022ApJ...940..136P,0.532,0.006,0.007,0.127,0.006,0.006,GAIA_EDR3,Pace et al. 2022,EDR3
carina_2,2022ApJ...940..136P,Pace2022ApJ...940..136P,1.885,0.019,0.018,0.133,0.019,0.019,GAIA_EDR3,Pace et al. 2022,EDR3
carina_3,2022ApJ...940..136P,Pace2022ApJ...940..136P,3.095,0.041,0.04,1.395,0.045,0.045,GAIA_EDR3,Pace et al. 2022,EDR3
centaurus_1,2022ApJ...940..136P,Pace2022ApJ...940..136P,-0.074,0.065,0.062,-0.199,0.055,0.054,GAIA_EDR3,Pace et al. 2022,EDR3
cetus_2,2022ApJ...940..136P,Pace2022ApJ...940..136P,2.844,0.059,0.061,0.474,0.063,0.064,GAIA_EDR3,Pace et al. 2022,EDR3
columba_1,2022ApJ...940..136P,Pace2022ApJ...940..136P,0.169,0.073,0.071,-0.4,0.079,0.079,GAIA_EDR3,Pace et al. 2022,EDR3
coma_berenices_1,2022ApJ...940..136P,Pace2022ApJ...940..136P,0.423,0.027,0.026,-1.721,0.024,0.024,GAIA_EDR3,Pace et al. 2022,EDR3
crater_2,2022ApJ...940..136P,Pace2022ApJ...940..136P,-0.072,0.02,0.02,-0.112,0.013,0.013,GAIA_EDR3,Pace et al. 2022,EDR3
draco_1,2022ApJ...940..136P,Pace2022ApJ...940..136P,0.044,0.006,0.005,-0.188,0.006,0.006,GAIA_EDR3,Pace et al. 2022,EDR3
draco_2,2022ApJ...940..136P,Pace2022ApJ...940..136P,1.027,0.065,0.067,0.887,0.072,0.072,GAIA_EDR3,Pace et al. 2022,EDR3
eridanus_2,2022ApJ...940..136P,Pace2022ApJ...940..136P,0.125,0.1,0.101,0.013,0.127,0.123,GAIA_EDR3,Pace et al. 2022,EDR3
fornax_1,2022ApJ...940..136P,Pace2022ApJ...940..136P,0.381,0.001,0.001,-0.359,0.002,0.002,GAIA_EDR3,Pace et al. 2022,EDR3
grus_1,2022ApJ...940..136P,Pace2022ApJ...940..136P,0.069,0.05,0.051,-0.248,0.072,0.071,GAIA_EDR3,Pace et al. 2022,EDR3
grus_2,2022ApJ...940..136P,Pace2022ApJ...940..136P,0.384,0.033,0.033,-1.484,0.04,0.039,GAIA_EDR3,Pace et al. 2022,EDR3
hercules_1,2022ApJ...940..136P,Pace2022ApJ...940..136P,-0.035,0.042,0.042,-0.339,0.036,0.035,GAIA_EDR3,Pace et al. 2022,EDR3
horologium_1,2022ApJ...940..136P,Pace2022ApJ...940..136P,0.847,0.035,0.034,-0.607,0.035,0.035,GAIA_EDR3,Pace et al. 2022,EDR3
horologium_2,2022ApJ...940..136P,Pace2022ApJ...940..136P,0.967,0.171,0.173,-0.771,0.23,0.22,GAIA_EDR3,Pace et al. 2022,EDR3
hydra_2,2022ApJ...940..136P,Pace2022ApJ...940..136P,-0.394,0.14,0.14,0,0.104,0.103,GAIA_EDR3,Pace et al. 2022,EDR3
hydrus_1,2022ApJ...940..136P,Pace2022ApJ...940..136P,3.781,0.016,0.016,-1.496,0.015,0.015,GAIA_EDR3,Pace et al. 2022,EDR3
leo_1,2022ApJ...940..136P,Pace2022ApJ...940..136P,-0.05,0.014,0.014,-0.12,0.01,0.01,GAIA_EDR3,Pace et al. 2022,EDR3
leo_2,2022ApJ...940..136P,Pace2022ApJ...940..136P,-0.109,0.028,0.028,-0.15,0.026,0.026,GAIA_EDR3,Pace et al. 2022,EDR3
leo_4,2022ApJ...940..136P,Pace2022ApJ...940..136P,-0.009,0.152,0.152,-0.279,0.112,0.115,GAIA_EDR3,Pace et al. 2022,EDR3
leo_5,2022ApJ...940..136P,Pace2022ApJ...940..136P,0.113,0.219,0.219,-0.391,0.153,0.155,GAIA_EDR3,Pace et al. 2022,EDR3
pegasus_3,2022ApJ...940..136P,Pace2022ApJ...940..136P,-0.03,0.21,0.21,-0.58,0.208,0.213,GAIA_EDR3,Pace et al. 2022,EDR3
phoenix_2,2022ApJ...940..136P,Pace2022ApJ...940..136P,0.507,0.048,0.047,-1.199,0.057,0.058,GAIA_EDR3,Pace et al. 2022,EDR3
pictor_1,2022ApJ...940..136P,Pace2022ApJ...940..136P,0.153,0.088,0.086,0.096,0.114,0.118,GAIA_EDR3,Pace et al. 2022,EDR3
pictor_2,2022ApJ...940..136P,Pace2022ApJ...940..136P,1.091,0.423,0.113,1.179,0.087,0.116,GAIA_EDR3,Pace et al. 2022,EDR3
pisces_2,2022ApJ...940..136P,Pace2022ApJ...940..136P,0.681,0.307,0.309,-0.645,0.209,0.215,GAIA_EDR3,Pace et al. 2022,EDR3
reticulum_2,2022ApJ...940..136P,Pace2022ApJ...940..136P,2.377,0.024,0.023,-1.379,0.025,0.026,GAIA_EDR3,Pace et al. 2022,EDR3
reticulum_3,2022ApJ...940..136P,Pace2022ApJ...940..136P,0.26,0.144,0.14,-0.502,0.226,0.222,GAIA_EDR3,Pace et al. 2022,EDR3
sagittarius_2,2022ApJ...940..136P,Pace2022ApJ...940..136P,-0.769,0.035,0.035,-0.903,0.023,0.022,GAIA_EDR3,Pace et al. 2022,EDR3
sculptor_1,2022ApJ...940..136P,Pace2022ApJ...940..136P,0.1,0.002,0.002,-0.158,0.002,0.002,GAIA_EDR3,Pace et al. 2022,EDR3
segue_1,2022ApJ...940..136P,Pace2022ApJ...940..136P,-2.102,0.051,0.051,-3.375,0.046,0.044,GAIA_EDR3,Pace et al. 2022,EDR3
segue_2,2022ApJ...940..136P,Pace2022ApJ...940..136P,1.446,0.059,0.059,-0.322,0.05,0.049,GAIA_EDR3,Pace et al. 2022,EDR3
sextans_1,2022ApJ...940..136P,Pace2022ApJ...940..136P,-0.409,0.008,0.009,0.037,0.009,0.009,GAIA_EDR3,Pace et al. 2022,EDR3
triangulum_2,2022ApJ...940..136P,Pace2022ApJ...940..136P,0.575,0.06,0.06,0.112,0.067,0.069,GAIA_EDR3,Pace et al. 2022,EDR3
tucana_2,2022ApJ...940..136P,Pace2022ApJ...940..136P,0.911,0.026,0.024,-1.28,0.029,0.029,GAIA_EDR3,Pace et al. 2022,EDR3
tucana_3,2022ApJ...940..136P,Pace2022ApJ...940..136P,-0.048,0.036,0.035,-1.638,0.039,0.039,GAIA_EDR3,Pace et al. 2022,EDR3
tucana_4,2022ApJ...940..136P,Pace2022ApJ...940..136P,0.534,0.053,0.05,-1.707,0.055,0.054,GAIA_EDR3,Pace et al. 2022,EDR3
tucana_5,2022ApJ...940..136P,Pace2022ApJ...940..136P,-0.161,0.176,0.087,-1.157,0.195,0.15,GAIA_EDR3,Pace et al. 2022,EDR3
ursa_major_1,2022ApJ...940..136P,Pace2022ApJ...940..136P,-0.401,0.036,0.036,-0.613,0.042,0.04,GAIA_EDR3,Pace et al. 2022,EDR3
ursa_major_2,2022ApJ...940..136P,Pace2022ApJ...940..136P,1.731,0.021,0.021,-1.906,0.025,0.024,GAIA_EDR3,Pace et al. 2022,EDR3
ursa_minor_1,2022ApJ...940..136P,Pace2022ApJ...940..136P,-0.12,0.005,0.005,0.071,0.005,0.005,GAIA_EDR3,Pace et al. 2022,EDR3
willman_1,2022ApJ...940..136P,Pace2022ApJ...940..136P,0.255,0.087,0.077,-1.11,0.091,0.095,GAIA_EDR3,Pace et al. 2022,EDR3
fornax_1,2002AJ....124.3198P,Piatek2002AJ....124.3198P,0.49,0.13,0.13,-0.59,0.13,0.13,HST,Piatek et al. 2002,1-2 year baseline; STIS + WFPC; ~4 year baseline
carina_1,2003AJ....126.2346P,Piatek2003AJ....126.2346P,0.22,0.09,0.09,0.15,0.09,0.09,HST,Piatek et al. 2003,1-3 year baseline; check number
ursa_minor_1,2005AJ....130...95P,Piatek2005AJ....130...95P,-0.5,0.17,0.17,0.22,0.16,0.16,HST,Piatek et al. 2005,2-4 year baseline
sculptor_1,2006AJ....131.1445P,Piatek2006AJ....131.1445P,0.09,0.13,0.13,0.02,0.13,0.13,HST,Piatek et al. 2006,~2 year baseline
fornax_1,2007AJ....133..818P,Piatek2007AJ....133..818P,0.476,0.046,0.046,-0.36,0.041,0.041,HST,Piatek et al. 2007,3-4 year baseline
leo_2,2016AJ....152..166P,Piatek2016AJ....152..166P,-0.069,0.037,0.037,-0.087,0.039,0.039,HST,Piatek et al. 2016,2 year baseline
ymca_1,2022MNRAS.515.4005P,Piatti2022MNRAS.515.4005P,1.044,0.402,0.402,1.107,0.209,0.209,GAIA_EDR3,Piatti & Lucchini 2022,EDR3
sagittarius_1,2010AJ....139..839P,Pryor2010AJ....139..839P,-2.75,0.2,0.2,-1.65,0.22,0.22,HST,Pryor et al. 2010,~4 year baseline; (-237 \pm 2; -165 \pm 22) from 2013ApJ...779...81M
draco_1,2015AJ....149...42P,Pryor2015AJ....149...42P,0.177,0.063,0.063,-0.221,0.063,0.063,HST,Pryor et al. 2015,3 year baseline
carina_1,2022MNRAS.512.5601Q,Qi2022MNRAS.512.5601Q,0.538,0.006,0.006,0.125,0.006,0.006,GAIA_EDR3,Qi et al. 2022,EDR3
draco_1,2022MNRAS.512.5601Q,Qi2022MNRAS.512.5601Q,0.045,0.006,0.006,-0.188,0.006,0.006,GAIA_EDR3,Qi et al. 2022,EDR3
fornax_1,2022MNRAS.512.5601Q,Qi2022MNRAS.512.5601Q,0.378,0.001,0.001,-0.352,0.002,0.002,GAIA_EDR3,Qi et al. 2022,EDR3
sculptor_1,2022MNRAS.512.5601Q,Qi2022MNRAS.512.5601Q,0.1,0.003,0.003,-0.157,0.002,0.002,GAIA_EDR3,Qi et al. 2022,EDR3
sextans_1,2022MNRAS.512.5601Q,Qi2022MNRAS.512.5601Q,-0.404,0.009,0.009,0.034,0.009,0.009,GAIA_EDR3,Qi et al. 2022,EDR3
ursa_minor_1,2022MNRAS.512.5601Q,Qi2022MNRAS.512.5601Q,-0.121,0.005,0.005,0.073,0.005,0.005,GAIA_EDR3,Qi et al. 2022,EDR3
bootes_1,2018ApJ...863...89S,Simon2018ApJ...863...89S,-0.472,0.046,0.046,-1.086,0.034,0.034,GAIA_DR2,Simon 2018,DR2
bootes_2,2018ApJ...863...89S,Simon2018ApJ...863...89S,-2.517,0.325,0.325,-0.602,0.235,0.235,GAIA_DR2,Simon 2018,DR2
carina_2,2018ApJ...863...89S,Simon2018ApJ...863...89S,1.886,0.076,0.076,0.079,0.070,0.070,GAIA_DR2,Simon 2018,DR2
carina_3,2018ApJ...863...89S,Simon2018ApJ...863...89S,3.035,0.120,0.120,1.558,0.136,0.136,GAIA_DR2,Simon 2018,DR2
coma_berenices_1,2018ApJ...863...89S,Simon2018ApJ...863...89S,0.546,0.092,0.092,-1.726,0.086,0.086,GAIA_DR2,Simon 2018,DR2
draco_2,2018ApJ...863...89S,Simon2018ApJ...863...89S,1.170,0.297,0.297,0.871,0.303,0.303,GAIA_DR2,Simon 2018,DR2
horologium_1,2018ApJ...863...89S,Simon2018ApJ...863...89S,0.901,0.07,0.07,-0.583,0.067,0.067,GAIA_DR2,Simon 2018,DR2
hydrus_1,2018ApJ...863...89S,Simon2018ApJ...863...89S,3.865,0.159,0.159,-1.45,0.135,0.135,GAIA_DR2,Simon 2018,DR2
reticulum_2,2018ApJ...863...89S,Simon2018ApJ...863...89S,2.393,0.04,0.04,-1.3,0.048,0.048,GAIA_DR2,Simon 2018,DR2
segue_1,2018ApJ...863...89S,Simon2018ApJ...863...89S,-1.867,0.11,0.11,-3.282,0.102,0.102,GAIA_DR2,Simon 2018,DR2
segue_2,2018ApJ...863...89S,Simon2018ApJ...863...89S,1.65,0.143,0.143,-0.065,0.094,0.094,GAIA_DR2,Simon 2018,DR2
triangulum_2,2018ApJ...863...89S,Simon2018ApJ...863...89S,0.651,0.193,0.193,0.592,0.164,0.164,GAIA_DR2,Simon 2018,DR2
tucana_2,2018ApJ...863...89S,Simon2018ApJ...863...89S,0.936,0.057,0.057,-1.232,0.072,0.072,GAIA_DR2,Simon 2018,DR2
tucana_3,2018ApJ...863...89S,Simon2018ApJ...863...89S,-0.014,0.038,0.038,-1.673,0.040,0.040,GAIA_DR2,Simon 2018,DR2
ursa_major_1,2018ApJ...863...89S,Simon2018ApJ...863...89S,-0.659,0.093,0.093,-0.635,0.131,0.131,GAIA_DR2,Simon 2018,DR2
ursa_major_2,2018ApJ...863...89S,Simon2018ApJ...863...89S,1.661,0.053,0.053,-1.870,0.065,0.065,GAIA_DR2,Simon 2018,DR2
willman_1,2018ApJ...863...89S,Simon2018ApJ...863...89S,0.382,0.119,0.119,-1.152,0.216,0.216,GAIA_DR2,Simon 2018,DR2
grus_2,2020ApJ...892..137S,Simon2020ApJ...892..137S,0.45,0.08,0.08,-1.46,0.09,0.09,GAIA_DR2,Simon et al. 2020,DR2
tucana_4,2020ApJ...892..137S,Simon2020ApJ...892..137S,0.51,0.14,0.14,-1.64,0.13,0.13,GAIA_DR2,Simon et al. 2020,DR2
tucana_5,2020ApJ...892..137S,Simon2020ApJ...892..137S,-0.62,0.31,0.31,-0.88,0.35,0.35,GAIA_DR2,Simon et al. 2020,DR2
eridanus_2,2021ApJ...908...18S,Simon2021ApJ...908...18S,0.25,0.21,0.21,0.03,0.24,0.24,GAIA_DR2,Simon et al. 2021,DR2
bootes_5,2023AJ....166...76S,Smith2023AJ....166...76S,-0.23,0.04,0.04,-0.28,0.07,0.07,GAIA_EDR3,Smith et al. 2023,EDR3
leo_1,2013ApJ...768..139S,Sohn2013ApJ...768..139S,-0.114,0.0295,0.0295,-0.1256,0.0293,0.0293,HST,Sohn et al. 2013,~5 year baseline
draco_1,2017ApJ...849...93S,Sohn2017ApJ...849...93S,0.0562,0.0099,0.0099,-0.1765,0.01,0.01,HST,Sohn et al. 2017,~8 year baseline
sculptor_1,2017ApJ...849...93S,Sohn2017ApJ...849...93S,0.0296,0.0209,0.0209,-0.1358,0.0214,0.0214,HST,Sohn et al. 2017,~11 year baseline
sextans_1,2023arXiv230206071B,Tokiwa2023arXiv230206071B,-0.508,0.071,0.071,0.083,0.072,0.071,HSC,Tokiwa et al. 2023,Hyper_Suprime_Cam
antlia_2,2019MNRAS.488.2743T ,Torrealba2019MNRAS.488.2743T ,-0.095,0.018,0.018,0.058,0.024,0.024,GAIA_DR2,Torrealba et al. 2019,DR2
bootes_1,2021MNRAS.504.1355V,Vitral2021MNRAS.504.1355V,-0.399,0.018,0.018,-1.065,0.016,0.016,GAIA_EDR3,Vitral 2021,EDR3
carina_1,2021MNRAS.504.1355V,Vitral2021MNRAS.504.1355V,0.528,0.008,0.008,0.118,0.008,0.008,GAIA_EDR3,Vitral 2021,EDR3
draco_1,2021MNRAS.504.1355V,Vitral2021MNRAS.504.1355V,0.032,0.008,0.008,-0.183,0.009,0.009,GAIA_EDR3,Vitral 2021,EDR3
fornax_1,2021MNRAS.504.1355V,Vitral2021MNRAS.504.1355V,0.379,0.002,0.002,-0.358,0.002,0.002,GAIA_EDR3,Vitral 2021,EDR3
leo_1,2021MNRAS.504.1355V,Vitral2021MNRAS.504.1355V,-0.078,0.014,0.014,-0.09,0.014,0.014,GAIA_EDR3,Vitral 2021,EDR3
leo_2,2021MNRAS.504.1355V,Vitral2021MNRAS.504.1355V,-0.092,0.027,0.027,-0.143,0.026,0.026,GAIA_EDR3,Vitral 2021,EDR3
sculptor_1,2021MNRAS.504.1355V,Vitral2021MNRAS.504.1355V,0.103,0.003,0.003,-0.149,0.003,0.003,GAIA_EDR3,Vitral 2021,EDR3
sextans_1,2021MNRAS.504.1355V,Vitral2021MNRAS.504.1355V,-0.36,0.015,0.015,0.031,0.013,0.013,GAIA_EDR3,Vitral 2021,EDR3
ursa_minor_1,2021MNRAS.504.1355V,Vitral2021MNRAS.504.1355V,-0.133,0.01,0.01,0.045,0.01,0.01,GAIA_EDR3,Vitral 2021,EDR3
carina_1,2008ApJ...688L..75W,Walker2008ApJ...688L..75W,0.25,0.36,0.36,0.16,0.43,0.43,SRG,Walker et al. 2008,
fornax_1,2008ApJ...688L..75W,Walker2008ApJ...688L..75W,0.48,0.15,0.15,-0.25,0.14,0.14,SRG,Walker et al. 2008,
sculptor_1,2008ApJ...688L..75W,Walker2008ApJ...688L..75W,-0.4,0.29,0.29,-0.69,0.47,0.47,SRG,Walker et al. 2008,
sextans_1,2008ApJ...688L..75W,Walker2008ApJ...688L..75W,-0.26,0.41,0.41,0.1,0.44,0.44,SRG,Walker et al. 2008,
crater_2,2019MNRAS.490.4121W,Walker2019MNRAS.490.4121W,-0.14,0.07,0.07,-0.1,0.04,0.04,GAIA_DR2,Walker et al. 2019,DR2
andromeda_7,2023MNRAS.519.1189W,Warfield2023MNRAS.519.1189W,0.0598,0.0368,0.0368,-0.0037,0.0335,0.0335,GAIA_EDR3_HST,Warfield et al. 2023,
draco_1,2023MNRAS.519.1189W,Warfield2023MNRAS.519.1189W,0.0458,0.0159,0.0159,-0.1754,0.0152,0.0152,GAIA_EDR3_HST,Watfield et al. 2023,EDR3
ngc_185,2023MNRAS.519.1189W,Warfield2023MNRAS.519.1189W,0.0113,0.0354,0.0354,-0.0033,0.0299,0.0299,GAIA_EDR3_HST,Warfield et al. 2023,
sculptor_1,2023MNRAS.519.1189W,Warfield2023MNRAS.519.1189W,0.0857,0.018,0.0168,-0.124,0.0193,0.0141,GAIA_EDR3_HST,Watfield et al. 2023,EDR3
ngc_6822,2021MNRAS.508.2098Z,Zhang2021MNRAS.508.2098Z,-0.061,0.014,0.014,-0.083,0.012,0.012,GAIA_EDR3,Zhang et al. 2021,EDR3
centaurus_1,2023arXiv230808602H,Heiger2023arXiv230808602H,-0.14,0.05,0.05,-0.19,0.04,0.04,GAIA_EDR3,Heiger et al. 2023,
eridanus_4,2023arXiv230808602H,Heiger2023arXiv230808602H,0.22,0.06,0.06,-0.11,0.05,0.05,GAIA_EDR3,Heiger et al. 2023,
bootes_1,2021ApJ...923..218F,Filion2021ApJ...923..218F,-0.397,0.019,0.019,-1.066,0.015,0.015,GAIA_EDR3,Filion and Wyse 2021,EDR3
