key,confirmed_real,confirmed_star_cluster,ra,dec,rhalf,rhalf_em,rhalf_ep,position_angle,position_angle_em,position_angle_ep,ellipticity,ellipticity_em,ellipticity_ep,ellipticity_ul,ref_structure,distance_modulus,distance_modulus_em,distance_modulus_em,distance,distance_em,distance_ep,ref_distance,rhalf_physical,rhalf_sph_physical,apparent_magnitude_V,apparent_magnitude_V_em,apparent_magnitude_V_ep,MV,MV_em,MV_ep,ref_mv,surface_brightness_rhalf,surface_brightness_rhalf_em,surface_brightness_rhalf_ep,ref_surface_brightness,vlos_systemic,vlos_systemic_em,vlos_systemic_ep,vlos_sigma,vlos_sigma_em,vlos_sigma_ep,vlos_sigma_upper_limit,ref_vlos,,pmra,pmra_em,pmra_ep,pmdec,pmdec_em,pmdec_ep,ref_proper_motion,metallicity,metallicity_em,metallicity_ep,metallicity_sigma,metallicity_sigma_em,metallicity_sigma_ep,metallicity_sigma_ul,ref_metallicity,rcore,rcore_em,rcore_ep,rking,rking_em,rking_ep,king_concentration,king_concentration_em,king_concentration_ep,ref_king,rad_sersic,rad_sersic_em,rad_sersic_ep,n_sersic,n_sersic_em,n_sersic_ep,ref_sersic,age,age_em,age_ep,ref_age,metallicity_photometric,metallicity_photometric_em,metallicity_photometric_ep,ref_metallicity_photometric
2ms_gc01,1,1,272.090851,-19.829723,4.07,,,,,,,,,,Baumgardt2018MNRAS.478.1520B,12.64,0.4,0.4,3.373,0.567,0.682,Baumgardt2021MNRAS.505.5957B,3.993345326,3.993345326,6.57,,,-6.07,,,Baumgardt2020PASA...37...46B,,,,,-31.28,0.5,0.5,,,,,Baumgardt2018MNRAS.478.1520B,,,,,,,,,,,,,,,,,,,,,,,,,,,,,,,,,,,,,,,,,
2ms_gc02,1,1,272.4021,-20.778889,1.39,,,,,,,,,,Baumgardt2018MNRAS.478.1520B,11.992,0.4,0.363,2.503,0.421,0.456,Baumgardt2021MNRAS.505.5957B,1.012049529,1.012049529,8.69,,,-3.302,,,Baumgardt2020PASA...37...46B,,,,,-237.75,10.1,10.1,,,,,Baumgardt2018MNRAS.478.1520B,,,,,,,,,,,,,,,,,,,,,,,,,,,,,,,,,,,,,,-1.08,,,Harris1996AJ....112.1487H
am_1,1,1,58.759586,-49.615276,0.43,,,,,,,,,,Baumgardt2018MNRAS.478.1520B,20.376,0.062,0.062,118.905,3.347,3.444,Baumgardt2021MNRAS.505.5957B,14.87286685,14.87286685,14.27,0.05,0.05,-6.106,0.05,0.05,Baumgardt2020PASA...37...46B,,,,,118,14.14,14.14,,,,,Baumgardt2018MNRAS.478.1520B,,0.2912,0.1071,0.1071,-0.1772,0.0859,0.0859,Vasiliev2021MNRAS.505.5978V,-1.7,,,,,,,Harris1996AJ....112.1487H,,,,,,,,,,,0.46,0.03,0.03,1.08,0.13,0.13,Munoz2018ApJ...860...66M,,,,,,,,
am_4,1,1,209.089066,-27.165171,0.77,,,,,,,,,,Baumgardt2018MNRAS.478.1520B,17.313,0.07,0.07,29.013,0.92,0.951,Baumgardt2021MNRAS.505.5957B,6.49844549,6.49844549,16.35,0.05,0.05,-0.963,0.05,0.05,Baumgardt2020PASA...37...46B,,,,,151.19,2.85,2.85,,,,,Baumgardt2018MNRAS.478.1520B,,-0.2911,0.4448,0.4448,-2.5119,0.3441,0.3441,Vasiliev2021MNRAS.505.5978V,-1.3,,,,,,,Harris1996AJ....112.1487H,,,,,,,,,,,0.76,0.14,0.14,1.44,0.33,0.33,Munoz2018ApJ...860...66M,,,,,,,,
arp_2,1,1,292.183807,-30.355639,1.7,,,,,,,,,,Baumgardt2018MNRAS.478.1520B,17.291,0.026,0.026,28.726,0.342,0.346,Baumgardt2021MNRAS.505.5957B,14.20529296,14.20529296,11.34,0.04,0.04,-5.951,0.04,0.04,Baumgardt2020PASA...37...46B,,,,,122.64,0.29,0.29,,,,,Baumgardt2018MNRAS.478.1520B,,-2.3307,0.0313,0.0313,-1.4753,0.0294,0.0294,Vasiliev2021MNRAS.505.5978V,-1.75,,,,,,,Harris1996AJ....112.1487H,,,,,,,,,,,,,,,,,,,,,,,,,
bh_176,1,1,234.7810417,-50.05272222,0.9,,,,,,,,,,Harris1996AJ....112.1487H,15.913,,,15.23,,,Harris1996AJ....112.1487H,3.987204676,3.987204676,11.613,,,-4.3,,,Harris1996AJ....112.1487H,,,,,90.3,0.35,0.35,,,,,Baumgardt2018MNRAS.478.1520B,,-3.9889,0.0293,0.0293,-3.0568,0.0287,0.0287,Vasiliev2021MNRAS.505.5978V,0,,,,,,,Harris1996AJ....112.1487H,,,,,,,,,,,,,,,,,,,,,,,,,
bh_261,1,1,273.5275,-28.635,1.65,,,,,,,,,,Baumgardt2018MNRAS.478.1520B,13.932,0.092,0.092,6.115,0.253,0.265,Baumgardt2021MNRAS.505.5957B,2.934989303,2.934989303,10.15,0.04,0.04,-3.782,0.04,0.04,Baumgardt2020PASA...37...46B,,,,,-45,15,15,,,,,Baumgardt2018MNRAS.478.1520B,,3.5656,0.0434,0.0434,-3.5897,0.0375,0.0375,Vasiliev2021MNRAS.505.5978V,-1.3,,,,,,,Harris1996AJ....112.1487H,,,,,,,,,,,,,,,,,,,,,,,,,
djorgovski_1,1,1,266.869583,-33.066389,1.43,,,,,,,,,,Baumgardt2018MNRAS.478.1520B,14.974,0.143,0.143,9.879,0.628,0.671,Baumgardt2021MNRAS.505.5957B,4.109368997,4.109368997,8.2,0.12,0.12,-6.774,0.12,0.12,Baumgardt2020PASA...37...46B,,,,,-359.18,1.64,1.64,,,,,Baumgardt2018MNRAS.478.1520B,,-4.6934,0.0462,0.0462,-8.4678,0.0411,0.0411,Vasiliev2021MNRAS.505.5978V,-1.51,,,,,,,Harris1996AJ....112.1487H,,,,,,,,,,,,,,,,,,,,,,,,,
djorgovski_2,1,1,270.454378,-27.825819,1.82,,,,,,,,,,Baumgardt2018MNRAS.478.1520B,14.714,0.044,0.044,8.764,0.174,0.178,Baumgardt2021MNRAS.505.5957B,4.639806555,4.639806555,8.2,0.11,0.11,-6.514,0.11,0.11,Baumgardt2020PASA...37...46B,,,,,-149.75,1.1,1.1,,,,,Baumgardt2018MNRAS.478.1520B,,0.6619,0.0415,0.0415,-2.9828,0.0371,0.0371,Vasiliev2021MNRAS.505.5978V,-0.65,,,,,,,Harris1996AJ....112.1487H,,,,,,,,,,,,,,,,,,,,,,,,,
e_3,1,1,140.237793,-77.281891,1.92,,,,,,,,,,Baumgardt2018MNRAS.478.1520B,14.482,0.069,0.069,7.876,0.245,0.254,Baumgardt2021MNRAS.505.5957B,4.39878822,4.39878822,10.92,0.03,0.03,-3.562,0.03,0.03,Baumgardt2020PASA...37...46B,,,,,11.71,0.34,0.34,,,,,Baumgardt2018MNRAS.478.1520B,,-2.7274,0.0272,0.0272,7.0827,0.0271,0.0271,Vasiliev2021MNRAS.505.5978V,-0.83,,,,,,,Harris1996AJ....112.1487H,,,,,,,,,,,,,,,,,,,,,,,,,
eridanus_1,1,1,66.185608,-21.186781,0.55,,,,,,,,,,Baumgardt2018MNRAS.478.1520B,19.639,0.074,0.074,84.684,2.838,2.936,Baumgardt2021MNRAS.505.5957B,13.54846738,13.54846738,14.22,0.03,0.03,-5.419,0.03,0.03,Baumgardt2020PASA...37...46B,,,,,-23.15,0.73,0.73,,,,,Baumgardt2018MNRAS.478.1520B,,0.5096,0.0387,0.0387,-0.3011,0.0408,0.0408,Vasiliev2021MNRAS.505.5978V,-1.43,,,,,,,Harris1996AJ....112.1487H,,,,,,,,,,,0.64,0.04,0.04,1.18,0.14,0.14,Munoz2018ApJ...860...66M,,,,,,,,
eso_280_sc06,1,1,272.275,-46.423333,1.15,,,,,,,,,,Baumgardt2018MNRAS.478.1520B,16.605,0.067,0.067,20.945,0.636,0.656,Simpson2018MNRAS.477.4565S,7.00655156,7.00655156,11.74,0.2,0.2,-4.865,0.2,0.2,Baumgardt2020PASA...37...46B,,,,,92.5,2,2,,,,,Simpson2018MNRAS.477.4565S,,-0.6878,0.0392,0.0392,-2.7775,0.0332,0.0332,Vasiliev2021MNRAS.505.5978V,-2.48,0.11,0.06,,,,,Simpson2018MNRAS.477.4565S,,,,,,,,,,,,,,,,,,,,,,,,,
eso_452_sc11,1,1,249.854167,-28.399167,1.15,,,,,,,,,,Baumgardt2018MNRAS.478.1520B,14.343,0.058,0.059,7.389,0.196,0.202,Baumgardt2021MNRAS.505.5957B,2.47177892,2.47177892,10.34,0.06,0.06,-4.003,0.06,0.06,Baumgardt2020PASA...37...46B,,,,,16.37,0.44,0.44,,,,,Baumgardt2018MNRAS.478.1520B,,-1.4234,0.0314,0.0314,-6.472,0.0303,0.0303,Vasiliev2021MNRAS.505.5978V,-1.5,,,,,,,Harris1996AJ....112.1487H,,,,,,,,,,,,,,,,,,,,,,,,,
fsr_1735,1,1,253.044174,-47.058056,0.79,,,,,,,,,,Baumgardt2018MNRAS.478.1520B,14.791,0.126,0.126,9.082,0.512,0.543,Baumgardt2021MNRAS.505.5957B,2.087058902,2.087058902,7.9,0.11,0.11,-6.891,0.11,0.11,Baumgardt2020PASA...37...46B,,,,,-69.85,4.88,4.88,,,,,Baumgardt2018MNRAS.478.1520B,,-4.4395,0.0537,0.0537,-1.5341,0.0476,0.0476,Vasiliev2021MNRAS.505.5978V,,,,,,,,,,,,,,,,,,,,,,,,,,,,,,,,,
glimpse_01,1,0,282.2070833,-1.497222222,0.6,,,,,,,,,,Kobulnicky2005AJ....129..239K,12.46,0.38,0.32,3.1,0.5,0.5,Kobulnicky2005AJ....129..239K,0.5410520681,0.5410520681,4.05,,,-8.41,,,Kobulnicky2005AJ....129..239K,,,,,,,,,,,,,,,,,,,,,,,,,,,,,,,,,,,,,,,,,,,,,,,,,,,,,
glimpse_02,1,0,274.6270833,-16.97722222,1.73,,,,,,,,,,Kurtev2008A&A...489..583K,13.3,0.3,0.3,4.6,0.7,0.7,Kurtev2008A&A...489..583K,2.314888365,2.314888365,7.1,,,-6.2,,,Strader2008AJ....136.2102S,,,,,,,,,,,,,,,,,,,,,,,,,,,,,0.7,,,15,,,1.33,,,Kurtev2008A&A...489..583K,,,,,,,,,,,,-0.33,0.14,0.14,Kurtev2008A&A...489..583K
hp_1,1,1,262.771667,-29.981667,1.52,,,,,,,,,,Baumgardt2018MNRAS.478.1520B,14.224,0.044,0.044,6.995,0.141,0.144,Baumgardt2021MNRAS.505.5957B,3.09283979,3.09283979,7.62,0.11,0.11,-6.604,0.11,0.11,Baumgardt2020PASA...37...46B,,,,,39.76,1.22,1.22,,,,,Baumgardt2018MNRAS.478.1520B,,2.5228,0.0391,0.0391,-10.093,0.0374,0.0374,Vasiliev2021MNRAS.505.5978V,-1,,,,,,,Harris1996AJ....112.1487H,,,,,,,,,,,,,,,,,,,,,,,,,
ic_1257,1,1,261.785431,-7.093056,0.53,,,,,,,,,,Baumgardt2018MNRAS.478.1520B,17.123,0.117,0.117,26.587,1.392,1.469,Baumgardt2021MNRAS.505.5957B,4.098937746,4.098937746,11.97,,,-5.153,,,Baumgardt2020PASA...37...46B,,,,,-137.97,2.04,2.04,,,,,Baumgardt2018MNRAS.478.1520B,,-1.0069,0.04,0.04,-1.4916,0.0321,0.0321,Vasiliev2021MNRAS.505.5978V,-1.7,,,,,,,Harris1996AJ....112.1487H,,,,,,,,,,,,,,,,,,,,,,,,,
ic_1276,1,1,272.684441,-7.207595,2.42,,,,,,,,,,Baumgardt2018MNRAS.478.1520B,13.292,0.119,0.122,4.554,0.243,0.263,Baumgardt2021MNRAS.505.5957B,3.205785863,3.205785863,6.59,0.06,0.06,-6.702,0.06,0.06,Baumgardt2020PASA...37...46B,,,,,155.06,0.69,0.69,,,,,Baumgardt2018MNRAS.478.1520B,,-2.5531,0.0258,0.0258,-4.5676,0.0257,0.0257,Vasiliev2021MNRAS.505.5978V,-0.75,,,,,,,Harris1996AJ....112.1487H,,,,,,,,,,,,,,,,,,,,,,,,,
ic_4499,1,1,225.077188,-82.213792,1.87,,,,,,,,,,Baumgardt2018MNRAS.478.1520B,16.381,0.029,0.029,18.891,0.25,0.253,Baumgardt2021MNRAS.505.5957B,10.27596631,10.27596631,9.13,0.05,0.05,-7.251,0.05,0.05,Baumgardt2020PASA...37...46B,,,,,38.41,0.31,0.31,,,,,Baumgardt2018MNRAS.478.1520B,,0.4658,0.0253,0.0253,-0.489,0.0253,0.0253,Vasiliev2021MNRAS.505.5978V,-1.53,,,,,,,Harris1996AJ....112.1487H,,,,,,,,,,,,,,,,,,,,,,,,,
liller_1,1,1,263.352333,-33.389556,0.55,,,,,,,,,,Baumgardt2018MNRAS.478.1520B,14.532,0.093,0.093,8.061,0.338,0.353,Baumgardt2021MNRAS.505.5957B,1.289667418,1.289667418,5.55,0.2,0.2,-8.982,0.2,0.2,Baumgardt2020PASA...37...46B,,,,,60.36,2.44,2.44,,,,,Baumgardt2018MNRAS.478.1520B,,-5.4028,0.1087,0.1087,-7.4313,0.0769,0.0769,Vasiliev2021MNRAS.505.5978V,-0.33,,,,,,,Harris1996AJ....112.1487H,,,,,,,,,,,,,,,,,,,,,,,,,
lynga_7,1,1,242.765213,-55.317776,1.7,,,,,,,,,,Baumgardt2018MNRAS.478.1520B,14.488,0.044,0.044,7.899,0.159,0.163,Baumgardt2021MNRAS.505.5957B,3.906134132,3.906134132,7.62,0.14,0.14,-6.868,0.14,0.14,Baumgardt2020PASA...37...46B,,,,,17.86,0.83,0.83,,,,,Baumgardt2018MNRAS.478.1520B,,-3.851,0.0269,0.0269,-7.0495,0.0271,0.0271,Vasiliev2021MNRAS.505.5978V,-1.01,,,,,,,Harris1996AJ....112.1487H,,,,,,,,,,,,,,,,,,,,,,,,,
ngc_104,1,1,6.023792,-72.081306,3.07,,,,,,,,,,Baumgardt2018MNRAS.478.1520B,13.276,0.015,0.015,4.521,0.031,0.031,Baumgardt2021MNRAS.505.5957B,4.037374166,4.037374166,3.96,0.05,0.05,-9.316,0.05,0.05,Baumgardt2020PASA...37...46B,,,,,-17.45,0.16,0.16,,,,,Baumgardt2018MNRAS.478.1520B,,5.2516,0.0214,0.0214,-2.5515,0.0214,0.0214,Vasiliev2021MNRAS.505.5978V,-0.72,,,,,,,Harris1996AJ....112.1487H,,,,,,,,,,,,,,,,,,,,,,,,,
ngc_1261,1,1,48.067543,-55.216225,0.68,,,,,,,,,,Baumgardt2018MNRAS.478.1520B,16.074,0.025,0.025,16.4,0.19,0.192,Baumgardt2021MNRAS.505.5957B,3.243985303,3.243985303,8.28,0.04,0.04,-7.794,0.04,0.04,Baumgardt2020PASA...37...46B,,,,,71.34,0.21,0.21,,,,,Baumgardt2018MNRAS.478.1520B,,1.5957,0.0249,0.0249,-2.0642,0.0251,0.0251,Vasiliev2021MNRAS.505.5978V,-1.27,,,,,,,Harris1996AJ....112.1487H,,,,,,,,,,,,,,,,,,,,,,,,,
ngc_1851,1,1,78.52816,-40.046555,0.5,,,,,,,,,,Baumgardt2018MNRAS.478.1520B,15.387,0.024,0.024,11.951,0.133,0.134,Baumgardt2021MNRAS.505.5957B,1.738202491,1.738202491,7.01,0.04,0.04,-8.377,0.04,0.04,Baumgardt2020PASA...37...46B,,,,,321.4,1.55,1.55,,,,,Baumgardt2018MNRAS.478.1520B,,2.1452,0.024,0.024,-0.6496,0.0242,0.0242,Vasiliev2021MNRAS.505.5978V,-1.18,,,,,,,Harris1996AJ....112.1487H,,,,,,,,,,,,,,,,,,,,,,,,,
ngc_1904,1,1,81.045837,-24.524416,0.68,,,,,,,,,,Baumgardt2018MNRAS.478.1520B,15.583,0.03,0.03,13.078,0.179,0.181,Baumgardt2021MNRAS.505.5957B,2.586880475,2.586880475,7.91,0.04,0.04,-7.673,0.04,0.04,Baumgardt2020PASA...37...46B,,,,,205.76,0.2,0.2,,,,,Baumgardt2018MNRAS.478.1520B,,2.469,0.0249,0.0249,-1.5938,0.0251,0.0251,Vasiliev2021MNRAS.505.5978V,-1.6,,,,,,,Harris1996AJ....112.1487H,,,,,,,,,,,,,,,,,,,,,,,,,
ngc_2298,1,1,102.247543,-36.005306,0.84,,,,,,,,,,Baumgardt2018MNRAS.478.1520B,14.962,0.037,0.037,9.828,0.167,0.17,Baumgardt2021MNRAS.505.5957B,2.401433424,2.401433424,8.63,0.03,0.03,-6.332,0.03,0.03,Baumgardt2020PASA...37...46B,,,,,147.15,0.57,0.57,,,,,Baumgardt2018MNRAS.478.1520B,,3.3195,0.0255,0.0255,-2.1755,0.0256,0.0256,Vasiliev2021MNRAS.505.5978V,-1.92,,,,,,,Harris1996AJ....112.1487H,,,,,,,,,,,,,,,,,,,,,,,,,
ngc_2419,1,1,114.535286,38.881944,0.77,,,,,,,,,,Baumgardt2018MNRAS.478.1520B,19.734,0.059,0.059,88.471,2.371,2.437,Baumgardt2021MNRAS.505.5957B,19.81608145,19.81608145,10.35,0.03,0.03,-9.384,0.03,0.03,Baumgardt2020PASA...37...46B,,,,,-21.1,0.31,0.31,,,,,Baumgardt2018MNRAS.478.1520B,,0.0073,0.0278,0.0278,-0.5226,0.0264,0.0264,Vasiliev2021MNRAS.505.5978V,-2.15,,,,,,,Harris1996AJ....112.1487H,,,,,,,,,,,1.07,0.01,0.01,1.71,0.02,0.02,Munoz2018ApJ...860...66M,,,,,,,,
ngc_2808,1,1,138.012909,-64.863495,0.84,,,,,,,,,,Baumgardt2018MNRAS.478.1520B,15.013,0.024,0.024,10.06,0.111,0.112,Baumgardt2021MNRAS.505.5957B,2.458121719,2.458121719,5.45,0.04,0.04,-9.563,0.04,0.04,Baumgardt2020PASA...37...46B,,,,,103.57,0.27,0.27,,,,,Baumgardt2018MNRAS.478.1520B,,0.9944,0.0238,0.0238,0.2734,0.024,0.024,Vasiliev2021MNRAS.505.5978V,-1.14,,,,,,,Harris1996AJ....112.1487H,,,,,,,,,,,,,,,,,,,,,,,,,
ngc_288,1,1,13.1885,-26.582611,2.23,,,,,,,,,,Baumgardt2018MNRAS.478.1520B,14.768,0.021,0.021,8.988,0.088,0.089,Baumgardt2021MNRAS.505.5957B,5.830342179,5.830342179,8.01,0.04,0.04,-6.758,0.04,0.04,Baumgardt2020PASA...37...46B,,,,,-44.45,0.13,0.13,,,,,Baumgardt2018MNRAS.478.1520B,,4.1641,0.0241,0.0241,-5.7053,0.0243,0.0243,Vasiliev2021MNRAS.505.5978V,-1.32,,,,,,,Harris1996AJ....112.1487H,,,,,,,,,,,,,,,,,,,,,,,,,
ngc_3201,1,1,154.403427,-46.412476,3.75,,,,,,,,,,Baumgardt2018MNRAS.478.1520B,13.378,0.019,0.02,4.737,0.042,0.043,Baumgardt2021MNRAS.505.5957B,5.167265417,5.167265417,6.03,0.04,0.04,-7.348,0.04,0.04,Baumgardt2020PASA...37...46B,,,,,493.65,0.21,0.21,,,,,Baumgardt2018MNRAS.478.1520B,,8.3476,0.022,0.022,-1.9575,0.0221,0.0221,Vasiliev2021MNRAS.505.5978V,-1.59,,,,,,,Harris1996AJ....112.1487H,,,,,,,,,,,,,,,,,,,,,,,,,
ngc_362,1,1,15.809416,-70.848778,0.86,,,,,,,,,,Baumgardt2018MNRAS.478.1520B,14.73,0.024,0.023,8.829,0.096,0.096,Baumgardt2021MNRAS.505.5957B,2.208696715,2.208696715,6.32,0.03,0.03,-8.41,0.03,0.03,Baumgardt2020PASA...37...46B,,,,,223.12,0.28,0.28,,,,,Baumgardt2018MNRAS.478.1520B,,6.6935,0.0245,0.0245,-2.5354,0.0242,0.0242,Vasiliev2021MNRAS.505.5978V,-1.26,,,,,,,Harris1996AJ....112.1487H,,,,,,,,,,,,,,,,,,,,,,,,,
ngc_4147,1,1,182.52626,18.542639,0.47,,,,,,,,,,Baumgardt2018MNRAS.478.1520B,16.34,0.025,0.025,18.535,0.212,0.214,Baumgardt2021MNRAS.505.5957B,2.534058085,2.534058085,10.23,0.04,0.04,-6.11,0.04,0.04,Baumgardt2020PASA...37...46B,,,,,179.35,0.31,0.31,,,,,Baumgardt2018MNRAS.478.1520B,,-1.707,0.0273,0.0273,-2.0896,0.0274,0.0274,Vasiliev2021MNRAS.505.5978V,-1.8,,,,,,,Harris1996AJ....112.1487H,,,,,,,,,,,,,,,,,,,,,,,,,
ngc_4372,1,1,186.439101,-72.659084,3.47,,,,,,,,,,Baumgardt2018MNRAS.478.1520B,13.784,0.08,0.08,5.713,0.207,0.214,Baumgardt2021MNRAS.505.5957B,5.766599846,5.766599846,6.16,0.05,0.05,-7.624,0.05,0.05,Baumgardt2020PASA...37...46B,,,,,75.59,0.3,0.3,,,,,Baumgardt2018MNRAS.478.1520B,,-6.409,0.0241,0.0241,3.2975,0.0238,0.0238,Vasiliev2021MNRAS.505.5978V,-2.17,,,,,,,Harris1996AJ....112.1487H,,,,,,,,,,,,,,,,,,,,,,,,,
ngc_4590,1,1,189.866577,-26.744057,1.47,,,,,,,,,,Baumgardt2018MNRAS.478.1520B,15.086,0.021,0.021,10.404,0.099,0.1,Baumgardt2021MNRAS.505.5957B,4.448809357,4.448809357,7.84,0.04,0.04,-7.246,0.04,0.04,Baumgardt2020PASA...37...46B,,,,,-93.11,0.18,0.18,,,,,Baumgardt2018MNRAS.478.1520B,,-2.739,0.024,0.024,1.7786,0.0239,0.0239,Vasiliev2021MNRAS.505.5978V,-2.23,,,,,,,Harris1996AJ....112.1487H,,,,,,,,,,,,,,,,,,,,,,,,,
ngc_4833,1,1,194.891342,-70.876503,1.73,,,,,,,,,,Baumgardt2018MNRAS.478.1520B,14.058,0.028,0.028,6.48,0.083,0.084,Baumgardt2021MNRAS.505.5957B,3.260973174,3.260973174,6.2,0.03,0.03,-7.858,0.03,0.03,Baumgardt2020PASA...37...46B,,,,,201.99,0.4,0.4,,,,,Baumgardt2018MNRAS.478.1520B,,-8.3774,0.0249,0.0249,-0.9631,0.0245,0.0245,Vasiliev2021MNRAS.505.5978V,-1.85,,,,,,,Harris1996AJ....112.1487H,,,,,,,,,,,,,,,,,,,,,,,,,
ngc_5024,1,1,198.230209,18.168165,1.2,,,,,,,,,,Baumgardt2018MNRAS.478.1520B,16.336,0.022,0.022,18.498,0.183,0.185,Baumgardt2021MNRAS.505.5957B,6.457020101,6.457020101,7.64,0.04,0.04,-8.696,0.04,0.04,Baumgardt2020PASA...37...46B,,,,,-63.37,0.25,0.25,,,,,Baumgardt2018MNRAS.478.1520B,,-0.1334,0.0241,0.0241,-1.3306,0.024,0.024,Vasiliev2021MNRAS.505.5978V,-2.1,,,,,,,Harris1996AJ....112.1487H,,,,,,,,,,,,,,,,,,,,,,,,,
ngc_5053,1,1,199.112885,17.700251,2.43,,,,,,,,,,Baumgardt2018MNRAS.478.1520B,16.22,0.029,0.029,17.537,0.232,0.235,Baumgardt2021MNRAS.505.5957B,12.39617483,12.39617483,9.89,0.04,0.04,-6.33,0.04,0.04,Baumgardt2020PASA...37...46B,,,,,42.82,0.25,0.25,,,,,Baumgardt2018MNRAS.478.1520B,,-0.3293,0.0253,0.0253,-1.2129,0.0253,0.0253,Vasiliev2021MNRAS.505.5978V,-2.27,,,,,,,Harris1996AJ....112.1487H,,,,,,,,,,,,,,,,,,,,,,,,,
ngc_5139,1,1,201.696991,-47.479473,4.79,,,,,,,,,,Baumgardt2018MNRAS.478.1520B,13.672,0.019,0.019,5.426,0.047,0.047,Baumgardt2021MNRAS.505.5957B,7.560341623,7.560341623,3.13,0.04,0.04,-10.542,0.04,0.04,Baumgardt2020PASA...37...46B,,,,,232.78,0.21,0.21,,,,,Baumgardt2018MNRAS.478.1520B,,-3.2499,0.0217,0.0217,-6.7463,0.0216,0.0216,Vasiliev2021MNRAS.505.5978V,-1.53,,,,,,,Harris1996AJ....112.1487H,,,,,,,,,,,,,,,,,,,,,,,,,
ngc_5272,1,1,205.548416,28.377277,1.15,,,,,,,,,,Baumgardt2018MNRAS.478.1520B,15.038,0.017,0.017,10.175,0.081,0.082,Baumgardt2021MNRAS.505.5957B,3.403755652,3.403755652,6.36,0.04,0.04,-8.678,0.04,0.04,Baumgardt2020PASA...37...46B,,,,,-147.2,0.27,0.27,,,,,Baumgardt2018MNRAS.478.1520B,,-0.1519,0.0228,0.0228,-2.6696,0.0222,0.0222,Vasiliev2021MNRAS.505.5978V,-1.5,,,,,,,Harris1996AJ....112.1487H,,,,,,,,,,,,,,,,,,,,,,,,,
ngc_5286,1,1,206.61171,-51.374249,0.73,,,,,,,,,,Baumgardt2018MNRAS.478.1520B,15.226,0.028,0.028,11.096,0.143,0.145,Baumgardt2021MNRAS.505.5957B,2.356217761,2.356217761,6.61,0.03,0.03,-8.616,0.03,0.03,Baumgardt2020PASA...37...46B,,,,,62.38,0.4,0.4,,,,,Baumgardt2018MNRAS.478.1520B,,0.1984,0.0255,0.0255,-0.1533,0.0253,0.0253,Vasiliev2021MNRAS.505.5978V,-1.69,,,,,,,Harris1996AJ....112.1487H,,,,,,,,,,,,,,,,,,,,,,,,,
ngc_5466,1,1,211.363709,28.534445,2.04,,,,,,,,,,Baumgardt2018MNRAS.478.1520B,16.037,0.022,0.022,16.12,0.162,0.164,Baumgardt2021MNRAS.505.5957B,9.565800564,9.565800564,9.32,0.03,0.03,-6.717,0.03,0.03,Baumgardt2020PASA...37...46B,,,,,106.82,0.2,0.2,,,,,Baumgardt2018MNRAS.478.1520B,,-5.3423,0.0245,0.0245,-0.8223,0.0242,0.0242,Vasiliev2021MNRAS.505.5978V,-1.98,,,,,,,Harris1996AJ....112.1487H,,,,,,,,,,,,,,,,,,,,,,,,,
ngc_5634,1,1,217.405335,-5.97643,0.61,,,,,,,,,,Baumgardt2018MNRAS.478.1520B,17.071,0.052,0.052,25.959,0.613,0.628,Baumgardt2021MNRAS.505.5957B,4.606211875,4.606211875,9.36,0.07,0.07,-7.711,0.07,0.07,Baumgardt2020PASA...37...46B,,,,,-16.07,0.6,0.6,,,,,Baumgardt2018MNRAS.478.1520B,,-1.6918,0.0269,0.0269,-1.4781,0.0263,0.0263,Vasiliev2021MNRAS.505.5978V,-1.88,,,,,,,Harris1996AJ....112.1487H,,,,,,,,,,,,,,,,,,,,,,,,,
ngc_5694,1,1,219.901245,-26.538776,0.3,,,,,,,,,,Baumgardt2018MNRAS.478.1520B,17.71,0.046,0.046,34.84,0.73,0.745,Baumgardt2021MNRAS.505.5957B,3.040363557,3.040363557,9.6,0.12,0.12,-8.11,0.12,0.12,Baumgardt2020PASA...37...46B,,,,,-139.55,0.49,0.49,,,,,Baumgardt2018MNRAS.478.1520B,,-0.4636,0.0293,0.0293,-1.1046,0.029,0.029,Vasiliev2021MNRAS.505.5978V,-1.98,,,,,,,Harris1996AJ....112.1487H,,,,,,,,,,,0.42,0.01,0.01,3.2,0.08,0.08,Munoz2018ApJ...860...66M,,,,,,,,
ngc_5824,1,1,225.994156,-33.068138,0.49,,,,,,,,,,Baumgardt2018MNRAS.478.1520B,17.506,0.041,0.041,31.713,0.593,0.604,Baumgardt2021MNRAS.505.5957B,4.520219503,4.520219503,8.4,0.07,0.07,-9.106,0.07,0.07,Baumgardt2020PASA...37...46B,,,,,-25.24,0.52,0.52,,,,,Baumgardt2018MNRAS.478.1520B,,-1.1892,0.026,0.026,-2.2338,0.0257,0.0257,Vasiliev2021MNRAS.505.5978V,-1.91,,,,,,,Harris1996AJ....112.1487H,,,,,,,,,,,0.53,0.01,0.01,3.82,0.05,0.05,Munoz2018ApJ...860...66M,,,,,,,,
ngc_5897,1,1,229.351659,-21.010122,2.09,,,,,,,,,,Baumgardt2018MNRAS.478.1520B,15.493,0.041,0.041,12.549,0.233,0.238,Baumgardt2021MNRAS.505.5957B,7.629244313,7.629244313,8.2,0.04,0.04,-7.293,0.04,0.04,Baumgardt2020PASA...37...46B,,,,,101.31,0.22,0.22,,,,,Baumgardt2018MNRAS.478.1520B,,-5.4217,0.0252,0.0252,-3.3926,0.0251,0.0251,Vasiliev2021MNRAS.505.5978V,-1.9,,,,,,,Harris1996AJ....112.1487H,,,,,,,,,,,,,,,,,,,,,,,,,
ngc_5904,1,1,229.638412,2.081028,1.62,,,,,,,,,,Baumgardt2018MNRAS.478.1520B,14.369,0.017,0.017,7.479,0.06,0.06,Baumgardt2021MNRAS.505.5957B,3.524395718,3.524395718,5.86,0.03,0.03,-8.509,0.03,0.03,Baumgardt2020PASA...37...46B,,,,,53.5,0.25,0.25,,,,,Baumgardt2018MNRAS.478.1520B,,4.0856,0.023,0.023,-9.8696,0.0231,0.0231,Vasiliev2021MNRAS.505.5978V,-1.29,,,,,,,Harris1996AJ....112.1487H,,,,,,,,,,,,,,,,,,,,,,,,,
ngc_5927,1,1,232.002869,-50.673031,1.29,,,,,,,,,,Baumgardt2018MNRAS.478.1520B,14.588,0.029,0.029,8.27,0.109,0.111,Baumgardt2021MNRAS.505.5957B,3.103282677,3.103282677,6.35,0.04,0.04,-8.238,0.04,0.04,Baumgardt2020PASA...37...46B,,,,,-104.09,0.28,0.28,,,,,Baumgardt2018MNRAS.478.1520B,,-5.0564,0.0246,0.0246,-3.2166,0.0249,0.0249,Vasiliev2021MNRAS.505.5978V,-0.49,,,,,,,Harris1996AJ....112.1487H,,,,,,,,,,,,,,,,,,,,,,,,,
ngc_5946,1,1,233.869051,-50.659713,0.7,,,,,,,,,,Baumgardt2018MNRAS.478.1520B,14.921,0.115,0.116,9.642,0.496,0.529,Baumgardt2021MNRAS.505.5957B,1.963320876,1.963320876,7.82,0.08,0.08,-7.101,0.08,0.08,Baumgardt2020PASA...37...46B,,,,,137.6,0.94,0.94,,,,,Baumgardt2018MNRAS.478.1520B,,-5.331,0.0275,0.0275,-1.6572,0.0271,0.0271,Vasiliev2021MNRAS.505.5978V,-1.29,,,,,,,Harris1996AJ....112.1487H,,,,,,,,,,,,,,,,,,,,,,,,,
ngc_5986,1,1,236.512497,-37.786415,0.93,,,,,,,,,,Baumgardt2018MNRAS.478.1520B,15.114,0.027,0.027,10.54,0.13,0.132,Baumgardt2021MNRAS.505.5957B,2.851344399,2.851344399,6.84,0.04,0.04,-8.274,0.04,0.04,Baumgardt2020PASA...37...46B,,,,,101.18,0.43,0.43,,,,,Baumgardt2018MNRAS.478.1520B,,-4.1925,0.0259,0.0259,-4.568,0.0256,0.0256,Vasiliev2021MNRAS.505.5978V,-1.59,,,,,,,Harris1996AJ....112.1487H,,,,,,,,,,,,,,,,,,,,,,,,,
ngc_6093,1,1,244.26004,-22.976084,0.64,,,,,,,,,,Baumgardt2018MNRAS.478.1520B,15.072,0.024,0.024,10.339,0.115,0.116,Baumgardt2021MNRAS.505.5957B,1.924795641,1.924795641,6.87,0.03,0.03,-8.202,0.03,0.03,Baumgardt2020PASA...37...46B,,,,,10.93,0.39,0.39,,,,,Baumgardt2018MNRAS.478.1520B,,-2.9339,0.0267,0.0267,-5.5784,0.0261,0.0261,Vasiliev2021MNRAS.505.5978V,-1.75,,,,,,,Harris1996AJ....112.1487H,,,,,,,,,,,,,,,,,,,,,,,,,
ngc_6101,1,1,246.450485,-72.202194,2.28,,,,,,,,,,Baumgardt2018MNRAS.478.1520B,15.799,0.028,0.028,14.449,0.184,0.187,Baumgardt2021MNRAS.505.5957B,9.582939698,9.582939698,8.52,0.03,0.03,-7.279,0.03,0.03,Baumgardt2020PASA...37...46B,,,,,366.33,0.32,0.32,,,,,Baumgardt2018MNRAS.478.1520B,,1.7558,0.0241,0.0241,-0.2577,0.0245,0.0245,Vasiliev2021MNRAS.505.5978V,-1.98,,,,,,,Harris1996AJ....112.1487H,,,,,,,,,,,,,,,,,,,,,,,,,
ngc_6121,1,1,245.896744,-26.525749,4.65,,,,,,,,,,Baumgardt2018MNRAS.478.1520B,11.337,0.019,0.018,1.851,0.016,0.015,Baumgardt2021MNRAS.505.5957B,2.503718445,2.503718445,4.32,0.04,0.04,-7.017,0.04,0.04,Baumgardt2020PASA...37...46B,,,,,71.21,0.15,0.15,,,,,Baumgardt2018MNRAS.478.1520B,,-12.514,0.0231,0.0231,-19.022,0.0227,0.0227,Vasiliev2021MNRAS.505.5978V,-1.16,,,,,,,Harris1996AJ....112.1487H,,,,,,,,,,,,,,,,,,,,,,,,,
ngc_6139,1,1,246.918466,-38.848782,0.63,,,,,,,,,,Baumgardt2018MNRAS.478.1520B,15.008,0.098,0.098,10.035,0.441,0.463,Baumgardt2021MNRAS.505.5957B,1.8390098,1.8390098,6.66,0.08,0.08,-8.348,0.08,0.08,Baumgardt2020PASA...37...46B,,,,,24.41,0.95,0.95,,,,,Baumgardt2018MNRAS.478.1520B,,-6.0814,0.0267,0.0267,-2.7112,0.0262,0.0262,Vasiliev2021MNRAS.505.5978V,-1.65,,,,,,,Harris1996AJ....112.1487H,,,,,,,,,,,,,,,,,,,,,,,,,
ngc_6144,1,1,246.80777,-26.0235,1.56,,,,,,,,,,Baumgardt2018MNRAS.478.1520B,14.556,0.034,0.034,8.151,0.125,0.127,Baumgardt2021MNRAS.505.5957B,3.698806471,3.698806471,8.13,0.04,0.04,-6.426,0.04,0.04,Baumgardt2020PASA...37...46B,,,,,194.79,0.58,0.58,,,,,Baumgardt2018MNRAS.478.1520B,,-1.7435,0.0263,0.0263,-2.6068,0.0258,0.0258,Vasiliev2021MNRAS.505.5978V,-1.76,,,,,,,Harris1996AJ....112.1487H,,,,,,,,,,,,,,,,,,,,,,,,,
ngc_6171,1,1,248.132752,-13.053778,1.58,,,,,,,,,,Baumgardt2018MNRAS.478.1520B,13.753,0.03,0.029,5.631,0.076,0.077,Baumgardt2021MNRAS.505.5957B,2.588026575,2.588026575,7.26,0.04,0.04,-6.493,0.04,0.04,Baumgardt2020PASA...37...46B,,,,,-34.71,0.18,0.18,,,,,Baumgardt2018MNRAS.478.1520B,,-1.9392,0.0253,0.0253,-5.9789,0.025,0.025,Vasiliev2021MNRAS.505.5978V,-1.02,,,,,,,Harris1996AJ....112.1487H,,,,,,,,,,,,,,,,,,,,,,,,,
ngc_6205,1,1,250.421814,36.459862,1.61,,,,,,,,,,Baumgardt2018MNRAS.478.1520B,14.352,0.022,0.022,7.419,0.075,0.076,Baumgardt2021MNRAS.505.5957B,3.474540388,3.474540388,5.75,0.04,0.04,-8.602,0.04,0.04,Baumgardt2020PASA...37...46B,,,,,-244.9,0.3,0.3,,,,,Baumgardt2018MNRAS.478.1520B,,-3.1493,0.0227,0.0227,-2.5735,0.0231,0.0231,Vasiliev2021MNRAS.505.5978V,-1.53,,,,,,,Harris1996AJ....112.1487H,,,,,,,,,,,,,,,,,,,,,,,,,
ngc_6218,1,1,251.809067,-1.948528,1.83,,,,,,,,,,Baumgardt2018MNRAS.478.1520B,13.542,0.02,0.021,5.109,0.048,0.049,Baumgardt2021MNRAS.505.5957B,2.71965058,2.71965058,6.5,0.04,0.04,-7.042,0.04,0.04,Baumgardt2020PASA...37...46B,,,,,-41.67,0.14,0.14,,,,,Baumgardt2018MNRAS.478.1520B,,-0.1914,0.0241,0.0241,-6.8019,0.024,0.024,Vasiliev2021MNRAS.505.5978V,-1.37,,,,,,,Harris1996AJ....112.1487H,,,,,,,,,,,,,,,,,,,,,,,,,
ngc_6229,1,1,251.745249,47.527796,0.36,,,,,,,,,,Baumgardt2018MNRAS.478.1520B,17.393,0.034,0.034,30.106,0.467,0.475,Baumgardt2021MNRAS.505.5957B,3.152692948,3.152692948,9.3,0.05,0.05,-8.093,0.05,0.05,Baumgardt2020PASA...37...46B,,,,,-137.89,0.71,0.71,,,,,Baumgardt2018MNRAS.478.1520B,,-1.1706,0.0263,0.0263,-0.4665,0.0267,0.0267,Vasiliev2021MNRAS.505.5978V,-1.47,,,,,,,Harris1996AJ....112.1487H,,,,,,,,,,,0.36,0.01,0.01,2.62,0.08,0.08,Munoz2018ApJ...860...66M,,,,,,,,
ngc_6235,1,1,253.355676,-22.177447,0.97,,,,,,,,,,Baumgardt2018MNRAS.478.1520B,15.384,0.069,0.069,11.937,0.374,0.387,Baumgardt2021MNRAS.505.5957B,3.36816257,3.36816257,8.66,0.04,0.04,-6.724,0.04,0.04,Baumgardt2020PASA...37...46B,,,,,126.68,0.33,0.33,,,,,Baumgardt2018MNRAS.478.1520B,,-3.9306,0.0272,0.0272,-7.5872,0.0266,0.0266,Vasiliev2021MNRAS.505.5978V,-1.28,,,,,,,Harris1996AJ....112.1487H,,,,,,,,,,,,,,,,,,,,,,,,,
ngc_6254,1,1,254.28772,-4.100306,2.03,,,,,,,,,,Baumgardt2018MNRAS.478.1520B,13.524,0.027,0.027,5.067,0.063,0.064,Baumgardt2021MNRAS.505.5957B,2.992079023,2.992079023,5.75,0.04,0.04,-7.774,0.04,0.04,Baumgardt2020PASA...37...46B,,,,,74.21,0.23,0.23,,,,,Baumgardt2018MNRAS.478.1520B,,-4.7577,0.0235,0.0235,-6.5968,0.0236,0.0236,Vasiliev2021MNRAS.505.5978V,-1.56,,,,,,,Harris1996AJ....112.1487H,,,,,,,,,,,,,,,,,,,,,,,,,
ngc_6256,1,1,254.886107,-37.120968,1.4,,,,,,,,,,Baumgardt2018MNRAS.478.1520B,14.299,0.088,0.088,7.242,0.288,0.299,Baumgardt2021MNRAS.505.5957B,2.94925737,2.94925737,7.19,0.11,0.11,-7.109,0.11,0.11,Baumgardt2020PASA...37...46B,,,,,-99.75,0.66,0.66,,,,,Baumgardt2018MNRAS.478.1520B,,-3.7149,0.0312,0.0312,-1.6375,0.0304,0.0304,Vasiliev2021MNRAS.505.5978V,-1.02,,,,,,,Harris1996AJ....112.1487H,,,,,,,,,,,,,,,,,,,,,,,,,
ngc_6266,1,1,255.304153,-30.11339,0.99,,,,,,,,,,Baumgardt2018MNRAS.478.1520B,14.035,0.036,0.035,6.412,0.104,0.105,Baumgardt2021MNRAS.505.5957B,1.846523442,1.846523442,5.15,0.06,0.06,-8.885,0.06,0.06,Baumgardt2020PASA...37...46B,,,,,-73.98,0.67,0.67,,,,,Baumgardt2018MNRAS.478.1520B,,-4.9778,0.0265,0.0265,-2.9467,0.0263,0.0263,Vasiliev2021MNRAS.505.5978V,-1.18,,,,,,,Harris1996AJ....112.1487H,,,,,,,,,,,,,,,,,,,,,,,,,
ngc_6273,1,1,255.657486,-26.267971,1.3,,,,,,,,,,Baumgardt2018MNRAS.478.1520B,14.607,0.043,0.043,8.343,0.163,0.165,Baumgardt2021MNRAS.505.5957B,3.154944422,3.154944422,5.71,0.04,0.04,-8.897,0.04,0.04,Baumgardt2020PASA...37...46B,,,,,145.54,0.59,0.59,,,,,Baumgardt2018MNRAS.478.1520B,,-3.2487,0.0256,0.0256,1.6604,0.0251,0.0251,Vasiliev2021MNRAS.505.5978V,-1.74,,,,,,,Harris1996AJ....112.1487H,,,,,,,,,,,,,,,,,,,,,,,,,
ngc_6284,1,1,256.120114,-24.764799,0.71,,,,,,,,,,Baumgardt2018MNRAS.478.1520B,15.763,0.064,0.064,14.208,0.415,0.427,Baumgardt2021MNRAS.505.5957B,2.934387165,2.934387165,8.12,0.08,0.08,-7.643,0.08,0.08,Baumgardt2020PASA...37...46B,,,,,28.62,0.73,0.73,,,,,Baumgardt2018MNRAS.478.1520B,,-3.1997,0.0286,0.0286,-2.0021,0.0278,0.0278,Vasiliev2021MNRAS.505.5978V,-1.26,,,,,,,Harris1996AJ....112.1487H,,,,,,,,,,,,,,,,,,,,,,,,,
ngc_6287,1,1,256.288904,-22.708005,0.84,,,,,,,,,,Baumgardt2018MNRAS.478.1520B,14.496,0.1,0.101,7.929,0.356,0.376,Baumgardt2021MNRAS.505.5957B,1.937420189,1.937420189,7.55,0.07,0.07,-6.946,0.07,0.07,Baumgardt2020PASA...37...46B,,,,,-294.74,1.65,1.65,,,,,Baumgardt2018MNRAS.478.1520B,,-5.0103,0.0292,0.0292,-1.883,0.0277,0.0277,Vasiliev2021MNRAS.505.5978V,-2.1,,,,,,,Harris1996AJ....112.1487H,,,,,,,,,,,,,,,,,,,,,,,,,
ngc_6293,1,1,257.5425,-26.582083,0.83,,,,,,,,,,Baumgardt2018MNRAS.478.1520B,14.817,0.066,0.066,9.192,0.274,0.282,Baumgardt2021MNRAS.505.5957B,2.219290864,2.219290864,7.39,0.11,0.11,-7.427,0.11,0.11,Baumgardt2020PASA...37...46B,,,,,-143.66,0.39,0.39,,,,,Baumgardt2018MNRAS.478.1520B,,0.8703,0.028,0.028,-4.326,0.0275,0.0275,Vasiliev2021MNRAS.505.5978V,-1.99,,,,,,,Harris1996AJ....112.1487H,,,,,,,,,,,,,,,,,,,,,,,,,
ngc_6304,1,1,258.634399,-29.462028,1.02,,,,,,,,,,Baumgardt2018MNRAS.478.1520B,13.945,0.052,0.052,6.152,0.146,0.15,Baumgardt2021MNRAS.505.5957B,1.825335145,1.825335145,6.52,0.07,0.07,-7.425,0.07,0.07,Baumgardt2020PASA...37...46B,,,,,-108.62,0.39,0.39,,,,,Baumgardt2018MNRAS.478.1520B,,-4.07,0.0285,0.0285,-1.0878,0.0283,0.0283,Vasiliev2021MNRAS.505.5978V,-0.45,,,,,,,Harris1996AJ....112.1487H,,,,,,,,,,,,,,,,,,,,,,,,,
ngc_6316,1,1,259.155417,-28.140111,0.97,,,,,,,,,,Baumgardt2018MNRAS.478.1520B,15.237,0.076,0.075,11.152,0.382,0.393,Baumgardt2021MNRAS.505.5957B,3.146665744,3.146665744,7.35,0.17,0.17,-7.887,0.17,0.17,Baumgardt2020PASA...37...46B,,,,,99.65,0.84,0.84,,,,,Baumgardt2018MNRAS.478.1520B,,-4.9691,0.0313,0.0313,-4.5916,0.0301,0.0301,Vasiliev2021MNRAS.505.5978V,-0.45,,,,,,,Harris1996AJ....112.1487H,,,,,,,,,,,,,,,,,,,,,,,,,
ngc_6325,1,1,259.496327,-23.767677,0.79,,,,,,,,,,Baumgardt2018MNRAS.478.1520B,14.385,0.092,0.093,7.533,0.314,0.33,Baumgardt2021MNRAS.505.5957B,1.731096092,1.731096092,8.09,0.04,0.04,-6.295,0.04,0.04,Baumgardt2020PASA...37...46B,,,,,29.54,0.58,0.58,,,,,Baumgardt2018MNRAS.478.1520B,,-8.2893,0.0302,0.0302,-9.0004,0.0291,0.0291,Vasiliev2021MNRAS.505.5978V,-1.25,,,,,,,Harris1996AJ....112.1487H,,,,,,,,,,,,,,,,,,,,,,,,,
ngc_6333,1,1,259.799086,-18.516257,1.13,,,,,,,,,,Baumgardt2018MNRAS.478.1520B,14.595,0.037,0.037,8.3,0.142,0.144,Baumgardt2021MNRAS.505.5957B,2.728240509,2.728240509,6.48,0.04,0.04,-8.115,0.04,0.04,Baumgardt2020PASA...37...46B,,,,,310.75,2.12,2.12,,,,,Baumgardt2018MNRAS.478.1520B,,-2.1801,0.0262,0.0262,-3.2218,0.0259,0.0259,Vasiliev2021MNRAS.505.5978V,-1.77,,,,,,,Harris1996AJ....112.1487H,,,,,,,,,,,,,,,,,,,,,,,,,
ngc_6341,1,1,259.280762,43.135944,0.82,,,,,,,,,,Baumgardt2018MNRAS.478.1520B,14.647,0.018,0.018,8.501,0.07,0.071,Baumgardt2021MNRAS.505.5957B,2.027729343,2.027729343,6.45,0.03,0.03,-8.197,0.03,0.03,Baumgardt2020PASA...37...46B,,,,,-120.55,0.27,0.27,,,,,Baumgardt2018MNRAS.478.1520B,,-4.9349,0.0243,0.0243,-0.6251,0.0239,0.0239,Vasiliev2021MNRAS.505.5978V,-2.31,,,,,,,Harris1996AJ....112.1487H,,,,,,,,,,,,,,,,,,,,,,,,,
ngc_6342,1,1,260.291573,-19.587659,0.64,,,,,,,,,,Baumgardt2018MNRAS.478.1520B,14.519,0.062,0.062,8.013,0.226,0.233,Baumgardt2021MNRAS.505.5957B,1.491767818,1.491767818,8.44,0.07,0.07,-6.079,0.07,0.07,Baumgardt2020PASA...37...46B,,,,,115.75,0.9,0.9,,,,,Baumgardt2018MNRAS.478.1520B,,-2.9026,0.0272,0.0272,-7.1156,0.0265,0.0265,Vasiliev2021MNRAS.505.5978V,-0.55,,,,,,,Harris1996AJ....112.1487H,,,,,,,,,,,,,,,,,,,,,,,,,
ngc_6352,1,1,261.371277,-48.422169,2,,,,,,,,,,Baumgardt2018MNRAS.478.1520B,13.719,0.028,0.028,5.543,0.072,0.073,Baumgardt2021MNRAS.505.5957B,3.224786681,3.224786681,7.38,0.04,0.04,-6.339,0.04,0.04,Baumgardt2020PASA...37...46B,,,,,-125.63,1.01,1.01,,,,,Baumgardt2018MNRAS.478.1520B,,-2.1575,0.0251,0.0251,-4.4465,0.0247,0.0247,Vasiliev2021MNRAS.505.5978V,-0.64,,,,,,,Harris1996AJ....112.1487H,,,,,,,,,,,,,,,,,,,,,,,,,
ngc_6355,1,1,260.993533,-26.352827,0.94,,,,,,,,,,Baumgardt2018MNRAS.478.1520B,14.686,0.056,0.055,8.655,0.22,0.224,Baumgardt2021MNRAS.505.5957B,2.366579199,2.366579199,7.54,0.07,0.07,-7.146,0.07,0.07,Baumgardt2020PASA...37...46B,,,,,-195.85,0.55,0.55,,,,,Baumgardt2018MNRAS.478.1520B,,-4.7384,0.0312,0.0312,-0.5721,0.0301,0.0301,Vasiliev2021MNRAS.505.5978V,-1.37,,,,,,,Harris1996AJ....112.1487H,,,,,,,,,,,,,,,,,,,,,,,,,
ngc_6356,1,1,260.895804,-17.813027,0.88,,,,,,,,,,Baumgardt2018MNRAS.478.1520B,15.973,0.127,0.127,15.656,0.89,0.946,Baumgardt2021MNRAS.505.5957B,4.007648299,4.007648299,7.46,0.07,0.07,-8.513,0.07,0.07,Baumgardt2020PASA...37...46B,,,,,48.18,1.82,1.82,,,,,Baumgardt2018MNRAS.478.1520B,,-3.7501,0.0264,0.0264,-3.3923,0.026,0.026,Vasiliev2021MNRAS.505.5978V,-0.4,,,,,,,Harris1996AJ....112.1487H,,,,,,,,,,,,,,,,,,,,,,,,,
ngc_6362,1,1,262.979096,-67.048332,2.31,,,,,,,,,,Baumgardt2018MNRAS.478.1520B,14.418,0.019,0.019,7.649,0.066,0.067,Baumgardt2021MNRAS.505.5957B,5.139759028,5.139759028,7.17,0.04,0.04,-7.248,0.04,0.04,Baumgardt2020PASA...37...46B,,,,,-14.58,0.18,0.18,,,,,Baumgardt2018MNRAS.478.1520B,,-5.5058,0.0238,0.0238,-4.7629,0.024,0.024,Vasiliev2021MNRAS.505.5978V,-0.99,,,,,,,Harris1996AJ....112.1487H,,,,,,,,,,,,,,,,,,,,,,,,,
ngc_6366,1,1,261.934357,-5.079861,3.78,,,,,,,,,,Baumgardt2018MNRAS.478.1520B,12.685,0.032,0.032,3.444,0.05,0.051,Baumgardt2021MNRAS.505.5957B,3.786875785,3.786875785,6.66,0.04,0.04,-6.025,0.04,0.04,Baumgardt2020PASA...37...46B,,,,,-120.65,0.19,0.19,,,,,Baumgardt2018MNRAS.478.1520B,,-0.3324,0.0246,0.0246,-5.1595,0.0244,0.0244,Vasiliev2021MNRAS.505.5978V,-0.59,,,,,,,Harris1996AJ....112.1487H,,,,,,,,,,,,,,,,,,,,,,,,,
ngc_6380,1,1,263.618611,-39.06953,1.12,,,,,,,,,,Baumgardt2018MNRAS.478.1520B,14.913,0.068,0.068,9.607,0.296,0.306,Baumgardt2021MNRAS.505.5957B,3.129910583,3.129910583,7.09,0.12,0.12,-7.823,0.12,0.12,Baumgardt2020PASA...37...46B,,,,,-1.48,0.73,0.73,,,,,Baumgardt2018MNRAS.478.1520B,,-2.1832,0.031,0.031,-3.2326,0.0302,0.0302,Vasiliev2021MNRAS.505.5978V,-0.75,,,,,,,Harris1996AJ....112.1487H,,,,,,,,,,,,,,,,,,,,,,,,,
ngc_6388,1,1,264.071777,-44.7355,0.8,,,,,,,,,,Baumgardt2018MNRAS.478.1520B,15.24,0.032,0.031,11.171,0.161,0.162,Baumgardt2021MNRAS.505.5957B,2.599609743,2.599609743,5.68,0.03,0.03,-9.56,0.03,0.03,Baumgardt2020PASA...37...46B,,,,,83.11,0.45,0.45,,,,,Baumgardt2018MNRAS.478.1520B,,-1.3159,0.0262,0.0262,-2.7088,0.0259,0.0259,Vasiliev2021MNRAS.505.5978V,-0.55,,,,,,,Harris1996AJ....112.1487H,,,,,,,,,,,,,,,,,,,,,,,,,
ngc_6397,1,1,265.175385,-53.674335,3.01,,,,,,,,,,Baumgardt2018MNRAS.478.1520B,11.974,0.017,0.017,2.482,0.019,0.019,Baumgardt2021MNRAS.505.5957B,2.173173447,2.173173447,4.89,0.04,0.04,-7.084,0.04,0.04,Baumgardt2020PASA...37...46B,,,,,18.51,0.08,0.08,,,,,Baumgardt2018MNRAS.478.1520B,,3.2603,0.0227,0.0227,-17.664,0.0225,0.0225,Vasiliev2021MNRAS.505.5978V,-2.02,,,,,,,Harris1996AJ....112.1487H,,,,,,,,,,,,,,,,,,,,,,,,,
ngc_6401,1,1,264.652191,-23.909605,1.07,,,,,,,,,,Baumgardt2018MNRAS.478.1520B,14.533,0.064,0.063,8.064,0.234,0.238,Baumgardt2021MNRAS.505.5957B,2.509923091,2.509923091,7.14,0.05,0.05,-7.393,0.05,0.05,Baumgardt2020PASA...37...46B,,,,,-105.44,2.5,2.5,,,,,Baumgardt2018MNRAS.478.1520B,,-2.7477,0.0353,0.0353,1.4441,0.0342,0.0342,Vasiliev2021MNRAS.505.5978V,-1.02,,,,,,,Harris1996AJ....112.1487H,,,,,,,,,,,,,,,,,,,,,,,,,
ngc_6402,1,1,264.400651,-3.245916,1.33,,,,,,,,,,Baumgardt2018MNRAS.478.1520B,14.806,0.06,0.06,9.144,0.248,0.255,Baumgardt2021MNRAS.505.5957B,3.537642767,3.537642767,6.02,0.06,0.06,-8.786,0.06,0.06,Baumgardt2020PASA...37...46B,,,,,-60.71,0.45,0.45,,,,,Baumgardt2018MNRAS.478.1520B,,-3.5899,0.0254,0.0254,-5.0588,0.0255,0.0255,Vasiliev2021MNRAS.505.5978V,-1.28,,,,,,,Harris1996AJ....112.1487H,,,,,,,,,,,,,,,,,,,,,,,,,
ngc_6426,1,1,266.22796,3.170142,0.86,,,,,,,,,,Baumgardt2018MNRAS.478.1520B,16.581,0.037,0.037,20.71,0.349,0.355,Baumgardt2021MNRAS.505.5957B,5.180893529,5.180893529,10.02,0.04,0.04,-6.561,0.04,0.04,Baumgardt2020PASA...37...46B,,,,,-210.51,0.51,0.51,,,,,Baumgardt2018MNRAS.478.1520B,,-1.828,0.0265,0.0265,-2.9992,0.0265,0.0265,Vasiliev2021MNRAS.505.5978V,-2.15,,,,,,,Harris1996AJ....112.1487H,,,,,,,,,,,,,,,,,,,,,,,,,
ngc_6440,1,1,267.220167,-20.360417,0.55,,,,,,,,,,Baumgardt2018MNRAS.478.1520B,14.582,0.064,0.064,8.248,0.241,0.248,Baumgardt2021MNRAS.505.5957B,1.31958527,1.31958527,5.67,0.13,0.13,-8.912,0.13,0.13,Baumgardt2020PASA...37...46B,,,,,-69.39,0.93,0.93,,,,,Baumgardt2018MNRAS.478.1520B,,-1.187,0.0365,0.0365,-4.0196,0.0351,0.0351,Vasiliev2021MNRAS.505.5978V,-0.36,,,,,,,Harris1996AJ....112.1487H,,,,,,,,,,,,,,,,,,,,,,,,,
ngc_6441,1,1,267.554413,-37.051445,0.58,,,,,,,,,,Baumgardt2018MNRAS.478.1520B,15.524,0.028,0.028,12.728,0.162,0.163,Baumgardt2021MNRAS.505.5957B,2.14740657,2.14740657,5.67,0.08,0.08,-9.854,0.08,0.08,Baumgardt2020PASA...37...46B,,,,,18.47,0.56,0.56,,,,,Baumgardt2018MNRAS.478.1520B,,-2.5514,0.0283,0.0283,-5.348,0.0276,0.0276,Vasiliev2021MNRAS.505.5978V,-0.46,,,,,,,Harris1996AJ....112.1487H,,,,,,,,,,,,,,,,,,,,,,,,,
ngc_6453,1,1,267.715508,-34.598477,0.94,,,,,,,,,,Baumgardt2018MNRAS.478.1520B,15.015,0.047,0.047,10.07,0.216,0.22,Baumgardt2021MNRAS.505.5957B,2.753489606,2.753489606,7.21,0.13,0.13,-7.805,0.13,0.13,Baumgardt2020PASA...37...46B,,,,,-99.23,1.24,1.24,,,,,Baumgardt2018MNRAS.478.1520B,,0.2026,0.0356,0.0356,-5.9336,0.0368,0.0368,Vasiliev2021MNRAS.505.5978V,-1.5,,,,,,,Harris1996AJ....112.1487H,,,,,,,,,,,,,,,,,,,,,,,,,
ngc_6496,1,1,269.76535,-44.265945,1.52,,,,,,,,,,Baumgardt2018MNRAS.478.1520B,14.921,0.034,0.034,9.641,0.151,0.153,Baumgardt2021MNRAS.505.5957B,4.262768894,4.262768894,8.19,0.09,0.09,-6.731,0.09,0.09,Baumgardt2020PASA...37...46B,,,,,-134.72,0.26,0.26,,,,,Baumgardt2018MNRAS.478.1520B,,-3.06,0.0267,0.0267,-9.2711,0.0261,0.0261,Vasiliev2021MNRAS.505.5978V,-0.46,,,,,,,Harris1996AJ....112.1487H,,,,,,,,,,,,,,,,,,,,,,,,,
ngc_6517,1,1,270.46075,-8.958778,0.63,,,,,,,,,,Baumgardt2018MNRAS.478.1520B,14.825,0.13,0.132,9.227,0.538,0.578,Baumgardt2021MNRAS.505.5957B,1.690936066,1.690936066,7.36,0.05,0.05,-7.465,0.05,0.05,Baumgardt2020PASA...37...46B,,,,,-35.06,1.65,1.65,,,,,Baumgardt2018MNRAS.478.1520B,,-1.5508,0.0288,0.0288,-4.4698,0.0282,0.0282,Vasiliev2021MNRAS.505.5978V,-1.23,,,,,,,Harris1996AJ....112.1487H,,,,,,,,,,,,,,,,,,,,,,,,,
ngc_6522,1,1,270.891958,-30.033974,1.17,,,,,,,,,,Baumgardt2018MNRAS.478.1520B,14.315,0.062,0.062,7.295,0.205,0.211,Baumgardt2021MNRAS.505.5957B,2.482774494,2.482774494,6.79,0.03,0.03,-7.525,0.03,0.03,Baumgardt2020PASA...37...46B,,,,,-15.23,0.49,0.49,,,,,Baumgardt2018MNRAS.478.1520B,,-6.8266,0.0594,0.0594,-2.5885,0.0496,0.0496,Vasiliev2021MNRAS.505.5978V,-1.34,,,,,,,Harris1996AJ....112.1487H,,,,,,,,,,,,,,,,,,,,,,,,,
ngc_6528,1,1,271.206697,-30.055778,1.08,,,,,,,,,,Baumgardt2018MNRAS.478.1520B,14.469,0.065,0.065,7.829,0.232,0.239,Baumgardt2021MNRAS.505.5957B,2.459552888,2.459552888,8.04,0.1,0.1,-6.429,0.1,0.1,Baumgardt2020PASA...37...46B,,,,,211.86,0.43,0.43,,,,,Baumgardt2018MNRAS.478.1520B,,-2.1571,0.0432,0.0432,-5.649,0.0392,0.0392,Vasiliev2021MNRAS.505.5978V,-0.11,,,,,,,Harris1996AJ....112.1487H,,,,,,,,,,,,,,,,,,,,,,,,,
ngc_6535,1,1,270.960449,-0.297639,1.46,,,,,,,,,,Baumgardt2018MNRAS.478.1520B,14.018,0.042,0.042,6.363,0.122,0.124,Baumgardt2021MNRAS.505.5957B,2.702345641,2.702345641,9.05,0.04,0.04,-4.968,0.04,0.04,Baumgardt2020PASA...37...46B,,,,,-214.85,0.46,0.46,,,,,Baumgardt2018MNRAS.478.1520B,,-4.214,0.0268,0.0268,-2.9387,0.0265,0.0265,Vasiliev2021MNRAS.505.5978V,-1.79,,,,,,,Harris1996AJ....112.1487H,,,,,,,,,,,,,,,,,,,,,,,,,
ngc_6539,1,1,271.207276,-7.585858,1.55,,,,,,,,,,Baumgardt2018MNRAS.478.1520B,14.56,0.103,0.103,8.165,0.379,0.395,Baumgardt2021MNRAS.505.5957B,3.681408447,3.681408447,6.79,0.04,0.04,-7.77,0.04,0.04,Baumgardt2020PASA...37...46B,,,,,35.19,0.5,0.5,,,,,Baumgardt2018MNRAS.478.1520B,,-6.8958,0.0264,0.0264,-3.5374,0.026,0.026,Vasiliev2021MNRAS.505.5978V,-0.63,,,,,,,Harris1996AJ....112.1487H,,,,,,,,,,,,,,,,,,,,,,,,,
ngc_6540,1,1,271.535657,-27.765286,1.54,,,,,,,,,,Baumgardt2018MNRAS.478.1520B,13.858,0.1,0.1,5.909,0.265,0.279,Baumgardt2021MNRAS.505.5957B,2.647041975,2.647041975,7.7,0.11,0.11,-6.158,0.11,0.11,Baumgardt2020PASA...37...46B,,,,,-16.5,0.78,0.78,,,,,Baumgardt2018MNRAS.478.1520B,,-3.7019,0.032,0.032,-2.7911,0.0318,0.0318,Vasiliev2021MNRAS.505.5978V,-1.35,,,,,,,Harris1996AJ....112.1487H,,,,,,,,,,,,,,,,,,,,,,,,,
ngc_6541,1,1,272.009827,-43.714889,1.03,,,,,,,,,,Baumgardt2018MNRAS.478.1520B,14.407,0.029,0.029,7.609,0.101,0.102,Baumgardt2021MNRAS.505.5957B,2.279769431,2.279769431,6.17,0.04,0.04,-8.237,0.04,0.04,Baumgardt2020PASA...37...46B,,,,,-163.97,0.46,0.46,,,,,Baumgardt2018MNRAS.478.1520B,,0.2866,0.0249,0.0249,-8.8472,0.0245,0.0245,Vasiliev2021MNRAS.505.5978V,-1.81,,,,,,,Harris1996AJ....112.1487H,,,,,,,,,,,,,,,,,,,,,,,,,
ngc_6544,1,1,271.833833,-24.998222,2.05,,,,,,,,,,Baumgardt2018MNRAS.478.1520B,12.06,0.048,0.049,2.582,0.057,0.059,Baumgardt2021MNRAS.505.5957B,1.539700377,1.539700377,5.51,0.23,0.23,-6.55,0.23,0.23,Baumgardt2020PASA...37...46B,,,,,-38.46,0.67,0.67,,,,,Baumgardt2018MNRAS.478.1520B,,-2.3041,0.0308,0.0308,-18.604,0.0305,0.0305,Vasiliev2021MNRAS.505.5978V,-1.4,,,,,,,Harris1996AJ....112.1487H,,,,,,,,,,,,,,,,,,,,,,,,,
ngc_6553,1,1,272.322992,-25.908067,1.48,,,,,,,,,,Baumgardt2018MNRAS.478.1520B,13.634,0.052,0.052,5.332,0.125,0.128,Baumgardt2021MNRAS.505.5957B,2.295503574,2.295503574,6.1,0.06,0.06,-7.534,0.06,0.06,Baumgardt2020PASA...37...46B,,,,,-0.27,0.34,0.34,,,,,Baumgardt2018MNRAS.478.1520B,,0.3445,0.0301,0.0301,-0.4538,0.0295,0.0295,Vasiliev2021MNRAS.505.5978V,-0.18,,,,,,,Harris1996AJ....112.1487H,,,,,,,,,,,,,,,,,,,,,,,,,
ngc_6558,1,1,272.573974,-31.764508,0.68,,,,,,,,,,Baumgardt2018MNRAS.478.1520B,14.368,0.084,0.084,7.474,0.282,0.294,Baumgardt2021MNRAS.505.5957B,1.478386961,1.478386961,8.31,0.06,0.06,-6.058,0.06,0.06,Baumgardt2020PASA...37...46B,,,,,-195.12,0.73,0.73,,,,,Baumgardt2018MNRAS.478.1520B,,-1.7199,0.0361,0.0361,-4.1438,0.0337,0.0337,Vasiliev2021MNRAS.505.5978V,-1.32,,,,,,,Harris1996AJ....112.1487H,,,,,,,,,,,,,,,,,,,,,,,,,
ngc_6569,1,1,273.411667,-31.826889,0.85,,,,,,,,,,Baumgardt2018MNRAS.478.1520B,15.113,0.053,0.053,10.534,0.255,0.261,Baumgardt2021MNRAS.505.5957B,2.604583932,2.604583932,7.38,0.04,0.04,-7.733,0.04,0.04,Baumgardt2020PASA...37...46B,,,,,-49.83,0.5,0.5,,,,,Baumgardt2018MNRAS.478.1520B,,-4.1247,0.0283,0.0283,-7.3543,0.0279,0.0279,Vasiliev2021MNRAS.505.5978V,-0.76,,,,,,,Harris1996AJ....112.1487H,,,,,,,,,,,,,,,,,,,,,,,,,
ngc_6584,1,1,274.656647,-52.215778,0.88,,,,,,,,,,Baumgardt2018MNRAS.478.1520B,15.669,0.028,0.028,13.611,0.174,0.176,Baumgardt2021MNRAS.505.5957B,3.484165879,3.484165879,8.29,0.03,0.03,-7.379,0.03,0.03,Baumgardt2020PASA...37...46B,,,,,260.64,1.58,1.58,,,,,Baumgardt2018MNRAS.478.1520B,,-0.0898,0.0258,0.0258,-7.2021,0.0254,0.0254,Vasiliev2021MNRAS.505.5978V,-1.5,,,,,,,Harris1996AJ....112.1487H,,,,,,,,,,,,,,,,,,,,,,,,,
ngc_6624,1,1,275.918793,-30.361029,0.73,,,,,,,,,,Baumgardt2018MNRAS.478.1520B,14.521,0.029,0.029,8.019,0.107,0.108,Baumgardt2021MNRAS.505.5957B,1.702821758,1.702821758,7.16,0.07,0.07,-7.361,0.07,0.07,Baumgardt2020PASA...37...46B,,,,,54.79,0.4,0.4,,,,,Baumgardt2018MNRAS.478.1520B,,0.1245,0.0292,0.0292,-6.9357,0.0285,0.0285,Vasiliev2021MNRAS.505.5978V,-0.44,,,,,,,Harris1996AJ....112.1487H,,,,,,,,,,,,,,,,,,,,,,,,,
ngc_6626,1,1,276.137039,-24.869847,1.03,,,,,,,,,,Baumgardt2018MNRAS.478.1520B,13.649,0.04,0.04,5.368,0.098,0.099,Baumgardt2021MNRAS.505.5957B,1.608332541,1.608332541,5.62,0.06,0.06,-8.029,0.06,0.06,Baumgardt2020PASA...37...46B,,,,,11.11,0.6,0.6,,,,,Baumgardt2018MNRAS.478.1520B,,-0.278,0.0283,0.0283,-8.9222,0.028,0.028,Vasiliev2021MNRAS.505.5978V,-1.32,,,,,,,Harris1996AJ....112.1487H,,,,,,,,,,,,,,,,,,,,,,,,,
ngc_6637,1,1,277.846252,-32.348084,0.93,,,,,,,,,,Baumgardt2018MNRAS.478.1520B,14.747,0.026,0.026,8.9,0.104,0.106,Baumgardt2021MNRAS.505.5957B,2.407681703,2.407681703,7.19,0.04,0.04,-7.557,0.04,0.04,Baumgardt2020PASA...37...46B,,,,,47.48,1,1,,,,,Baumgardt2018MNRAS.478.1520B,,-5.0339,0.0276,0.0276,-5.8322,0.0275,0.0275,Vasiliev2021MNRAS.505.5978V,-0.64,,,,,,,Harris1996AJ....112.1487H,,,,,,,,,,,,,,,,,,,,,,,,,
ngc_6638,1,1,277.733734,-25.497473,0.65,,,,,,,,,,Baumgardt2018MNRAS.478.1520B,14.951,0.075,0.076,9.775,0.334,0.347,Baumgardt2021MNRAS.505.5957B,1.848230956,1.848230956,7.53,0.1,0.1,-7.421,0.1,0.1,Baumgardt2020PASA...37...46B,,,,,8.63,2,2,,,,,Baumgardt2018MNRAS.478.1520B,,-2.5185,0.0287,0.0287,-4.0756,0.0287,0.0287,Vasiliev2021MNRAS.505.5978V,-0.95,,,,,,,Harris1996AJ....112.1487H,,,,,,,,,,,,,,,,,,,,,,,,,
ngc_6642,1,1,277.975957,-23.475602,0.59,,,,,,,,,,Baumgardt2018MNRAS.478.1520B,14.529,0.054,0.054,8.049,0.198,0.204,Baumgardt2021MNRAS.505.5957B,1.381401923,1.381401923,8.23,0.05,0.05,-6.299,0.05,0.05,Baumgardt2020PASA...37...46B,,,,,-60.61,1.35,1.35,,,,,Baumgardt2018MNRAS.478.1520B,,-0.173,0.0303,0.0303,-3.8922,0.03,0.03,Vasiliev2021MNRAS.505.5978V,-1.26,,,,,,,Harris1996AJ....112.1487H,,,,,,,,,,,,,,,,,,,,,,,,,
ngc_6652,1,1,278.940125,-32.990723,0.53,,,,,,,,,,Baumgardt2018MNRAS.478.1520B,14.88,0.032,0.032,9.464,0.137,0.139,Baumgardt2021MNRAS.505.5957B,1.459071984,1.459071984,8.64,0.04,0.04,-6.24,0.04,0.04,Baumgardt2020PASA...37...46B,,,,,-95.37,0.86,0.86,,,,,Baumgardt2018MNRAS.478.1520B,,-5.4844,0.0274,0.0274,-4.2739,0.0268,0.0268,Vasiliev2021MNRAS.505.5978V,-0.81,,,,,,,Harris1996AJ....112.1487H,,,,,,,,,,,,,,,,,,,,,,,,,
ngc_6656,1,1,279.099762,-23.904749,3.31,,,,,,,,,,Baumgardt2018MNRAS.478.1520B,12.595,0.024,0.024,3.303,0.037,0.037,Baumgardt2021MNRAS.505.5957B,3.180260423,3.180260423,4.01,0.04,0.04,-8.585,0.04,0.04,Baumgardt2020PASA...37...46B,,,,,-148.72,0.78,0.78,7.8,0.3,,,Baumgardt2018MNRAS.478.1520B,,9.8506,0.0234,0.0234,-5.6175,0.0232,0.0232,Vasiliev2021MNRAS.505.5978V,-1.7,,,,,,,Harris1996AJ....112.1487H,,,,,,,,,,,,,,,,,,,,,,,,,
ngc_6681,1,1,280.803162,-32.29211,0.79,,,,,,,,,,Baumgardt2018MNRAS.478.1520B,14.857,0.025,0.025,9.362,0.106,0.107,Baumgardt2021MNRAS.505.5957B,2.151403374,2.151403374,7.7,0.04,0.04,-7.157,0.04,0.04,Baumgardt2020PASA...37...46B,,,,,216.62,0.84,0.84,5.2,0.5,,,Baumgardt2018MNRAS.478.1520B,,1.4307,0.0267,0.0267,-4.7438,0.0261,0.0261,Vasiliev2021MNRAS.505.5978V,-1.62,,,,,,,Harris1996AJ....112.1487H,,,,,,,,,,,,,,,,,,,,,,,,,
ngc_6712,1,1,283.268021,-8.70596,1.19,,,,,,,,,,Baumgardt2018MNRAS.478.1520B,14.341,0.07,0.069,7.382,0.233,0.24,Baumgardt2021MNRAS.505.5957B,2.55533074,2.55533074,7.21,0.03,0.03,-7.131,0.03,0.03,Baumgardt2020PASA...37...46B,,,,,-107.45,0.29,0.29,4.3,0.4,,,Baumgardt2018MNRAS.478.1520B,,3.3629,0.027,0.027,-4.4362,0.0266,0.0266,Vasiliev2021MNRAS.505.5978V,-1.02,,,,,,,Harris1996AJ....112.1487H,,,,,,,,,,,,,,,,,,,,,,,,,
ngc_6715,1,1,283.763855,-30.479862,0.47,,,,,,,,,,Baumgardt2018MNRAS.478.1520B,17.098,0.027,0.027,26.283,0.325,0.328,Baumgardt2021MNRAS.505.5957B,3.593344951,3.593344951,7.1,0.06,0.06,-9.998,0.06,0.06,Baumgardt2020PASA...37...46B,,,,,143.13,0.43,0.43,10.5,0.3,,,Baumgardt2018MNRAS.478.1520B,,-2.6792,0.0253,0.0253,-1.3865,0.0254,0.0254,Vasiliev2021MNRAS.505.5978V,-1.49,,,,,,,Harris1996AJ....112.1487H,,,,,,,,,,,,,,,,,,,,,,,,,
ngc_6717,1,1,283.775177,-22.701473,1.2,,,,,,,,,,Baumgardt2018MNRAS.478.1520B,14.382,0.038,0.038,7.524,0.131,0.133,Baumgardt2021MNRAS.505.5957B,2.626371458,2.626371458,8.3,0.03,0.03,-6.082,0.03,0.03,Baumgardt2020PASA...37...46B,,,,,30.25,0.9,0.9,,,,,Baumgardt2018MNRAS.478.1520B,,-3.1253,0.0273,0.0273,-5.0082,0.0271,0.0271,Vasiliev2021MNRAS.505.5978V,-1.26,,,,,,,Harris1996AJ....112.1487H,,,,,,,,,,,,,,,,,,,,,,,,,
ngc_6723,1,1,284.888123,-36.632248,1.51,,,,,,,,,,Baumgardt2018MNRAS.478.1520B,14.587,0.026,0.026,8.267,0.099,0.1,Baumgardt2021MNRAS.505.5957B,3.63120696,3.63120696,7.06,0.04,0.04,-7.527,0.04,0.04,Baumgardt2020PASA...37...46B,,,,,-94.39,0.26,0.26,,,,,Baumgardt2018MNRAS.478.1520B,,1.0285,0.0255,0.0255,-2.4185,0.0254,0.0254,Vasiliev2021MNRAS.505.5978V,-1.1,,,,,,,Harris1996AJ....112.1487H,,,,,,,,,,,,,,,,,,,,,,,,,
ngc_6749,1,1,286.314056,1.899756,1.89,,,,,,,,,,Baumgardt2018MNRAS.478.1520B,14.401,0.062,0.061,7.591,0.212,0.218,Baumgardt2021MNRAS.505.5957B,4.173370221,4.173370221,6.28,0.06,0.06,-8.121,0.06,0.06,Baumgardt2020PASA...37...46B,,,,,-58.44,0.96,0.96,,,,,Baumgardt2018MNRAS.478.1520B,,-2.8293,0.0276,0.0276,-6.0057,0.0274,0.0274,Vasiliev2021MNRAS.505.5978V,-1.6,,,,,,,Harris1996AJ....112.1487H,,,,,,,,,,,,,,,,,,,,,,,,,
ngc_6752,1,1,287.717102,-59.984554,2.39,,,,,,,,,,Baumgardt2018MNRAS.478.1520B,13.077,0.022,0.021,4.125,0.041,0.041,Baumgardt2021MNRAS.505.5957B,2.867794127,2.867794127,5.22,0.05,0.05,-7.857,0.05,0.05,Baumgardt2020PASA...37...46B,,,,,-26.01,0.12,0.12,4.9,0.4,,,Baumgardt2018MNRAS.478.1520B,,-3.1611,0.0225,0.0225,-4.0272,0.0224,0.0224,Vasiliev2021MNRAS.505.5978V,-1.54,,,,,,,Harris1996AJ....112.1487H,,,,,,,,,,,,,,,,,,,,,,,,,
ngc_6760,1,1,287.800268,1.030466,1.37,,,,,,,,,,Baumgardt2018MNRAS.478.1520B,14.624,0.111,0.111,8.411,0.418,0.441,Baumgardt2021MNRAS.505.5957B,3.351925191,3.351925191,6.52,0.05,0.05,-8.104,0.05,0.05,Baumgardt2020PASA...37...46B,,,,,-2.37,1.27,1.27,,,,,Baumgardt2018MNRAS.478.1520B,,-1.107,0.026,0.026,-3.615,0.0262,0.0262,Vasiliev2021MNRAS.505.5978V,-0.4,,,,,,,Harris1996AJ....112.1487H,,,,,,,,,,,,,,,,,,,,,,,,,
ngc_6779,1,1,289.148193,30.183472,0.98,,,,,,,,,,Baumgardt2018MNRAS.478.1520B,15.091,0.03,0.03,10.43,0.142,0.144,Baumgardt2021MNRAS.505.5957B,2.973284736,2.973284736,7.35,0.05,0.05,-7.741,0.05,0.05,Baumgardt2020PASA...37...46B,,,,,-136.97,0.45,0.45,4,0.6,,,Baumgardt2018MNRAS.478.1520B,,-2.0179,0.0251,0.0251,1.6176,0.0252,0.0252,Vasiliev2021MNRAS.505.5978V,-1.98,,,,,,,Harris1996AJ....112.1487H,,,,,,,,,,,,,,,,,,,,,,,,,
ngc_6809,1,1,294.998779,-30.96475,2.96,,,,,,,,,,Baumgardt2018MNRAS.478.1520B,13.641,0.021,0.021,5.348,0.051,0.052,Baumgardt2021MNRAS.505.5957B,4.604783614,4.604783614,6.04,0.03,0.03,-7.601,0.03,0.03,Baumgardt2020PASA...37...46B,,,,,174.7,0.17,0.17,4,0.3,,,Baumgardt2018MNRAS.478.1520B,,-3.4316,0.0237,0.0237,-9.311,0.0237,0.0237,Vasiliev2021MNRAS.505.5978V,-1.94,,,,,,,Harris1996AJ....112.1487H,,,,,,,,,,,,,,,,,,,,,,,,,
ngc_6838,1,1,298.443726,18.779194,2.85,,,,,,,,,,Baumgardt2018MNRAS.478.1520B,13.011,0.027,0.027,4.001,0.05,0.05,Baumgardt2021MNRAS.505.5957B,3.31695461,3.31695461,6.39,0.03,0.03,-6.621,0.03,0.03,Baumgardt2020PASA...37...46B,,,,,-22.72,0.2,0.2,2.3,0.2,,,Baumgardt2018MNRAS.478.1520B,,-3.4161,0.0245,0.0245,-2.6559,0.0244,0.0244,Vasiliev2021MNRAS.505.5978V,-0.78,,,,,,,Harris1996AJ....112.1487H,,,,,,,,,,,,,,,,,,,,,,,,,
ngc_6864,1,1,301.519784,-21.921164,0.34,,,,,,,,,,Baumgardt2018MNRAS.478.1520B,16.561,0.048,0.048,20.517,0.448,0.457,Baumgardt2021MNRAS.505.5957B,2.029172148,2.029172148,8.02,0.04,0.04,-8.541,0.04,0.04,Baumgardt2020PASA...37...46B,,,,,-189.08,1.12,1.12,10.3,1.5,,,Baumgardt2018MNRAS.478.1520B,,-0.5975,0.0262,0.0262,-2.8099,0.0258,0.0258,Vasiliev2021MNRAS.505.5978V,-1.29,,,,,,,Harris1996AJ....112.1487H,,,,,,,,,,,,,,,,,,,,,,,,,
ngc_6934,1,1,308.547394,7.404472,0.65,,,,,,,,,,Baumgardt2018MNRAS.478.1520B,15.982,0.024,0.024,15.716,0.171,0.173,Baumgardt2021MNRAS.505.5957B,2.971539407,2.971539407,8.43,0.03,0.03,-7.552,0.03,0.03,Baumgardt2020PASA...37...46B,,,,,-406.22,0.73,0.73,5.1,1.1,,,Baumgardt2018MNRAS.478.1520B,,-2.6545,0.026,0.026,-4.6887,0.0259,0.0259,Vasiliev2021MNRAS.505.5978V,-1.47,,,,,,,Harris1996AJ....112.1487H,,,,,,,,,,,,,,,,,,,,,,,,,
ngc_6981,1,1,313.365417,-12.537306,0.85,,,,,,,,,,Baumgardt2018MNRAS.478.1520B,16.109,0.024,0.024,16.661,0.183,0.185,Baumgardt2021MNRAS.505.5957B,4.119515178,4.119515178,9.17,0.04,0.04,-6.939,0.04,0.04,Baumgardt2020PASA...37...46B,,,,,-331.39,1.47,1.47,,,,,Baumgardt2018MNRAS.478.1520B,,-1.2736,0.0262,0.0262,-3.3608,0.0257,0.0257,Vasiliev2021MNRAS.505.5978V,-1.42,,,,,,,Harris1996AJ....112.1487H,,,,,,,,,,,,,,,,,,,,,,,,,
ngc_7006,1,1,315.372626,16.187323,0.38,,,,,,,,,,Baumgardt2018MNRAS.478.1520B,17.973,0.031,0.031,39.318,0.557,0.565,Baumgardt2021MNRAS.505.5957B,4.346114184,4.346114184,10.47,0.04,0.04,-7.503,0.04,0.04,Baumgardt2020PASA...37...46B,,,,,-383.47,0.73,0.73,,,,,Baumgardt2018MNRAS.478.1520B,,-0.1275,0.0274,0.0274,-0.6329,0.027,0.027,Vasiliev2021MNRAS.505.5978V,-1.52,,,,,,,Harris1996AJ....112.1487H,,,,,,,,,,,0.51,0.01,0.01,2.55,0.07,0.07,Munoz2018ApJ...860...66M,,,,,,,,
ngc_7078,1,1,322.493042,12.167001,0.65,,,,,,,,,,Baumgardt2018MNRAS.478.1520B,15.149,0.019,0.019,10.709,0.095,0.096,Baumgardt2021MNRAS.505.5957B,2.024829187,2.024829187,5.97,0.07,0.07,-9.179,0.07,0.07,Baumgardt2020PASA...37...46B,,,,,-106.84,0.3,0.3,13.5,0.9,,,Baumgardt2018MNRAS.478.1520B,,-0.6588,0.0239,0.0239,-3.8025,0.0236,0.0236,Vasiliev2021MNRAS.505.5978V,-2.37,,,,,,,Harris1996AJ....112.1487H,,,,,,,,,,,,,,,,,,,,,,,,,
ngc_7089,1,1,323.362579,-0.82325,0.9,,,,,,,,,,Baumgardt2018MNRAS.478.1520B,15.34,0.021,0.021,11.693,0.114,0.115,Baumgardt2021MNRAS.505.5957B,3.061220242,3.061220242,6.29,0.04,0.04,-9.05,0.04,0.04,Baumgardt2020PASA...37...46B,,,,,-3.78,0.3,0.3,8.2,0.6,,,Baumgardt2018MNRAS.478.1520B,,3.4346,0.0247,0.0247,-2.1588,0.0244,0.0244,Vasiliev2021MNRAS.505.5978V,-1.65,,,,,,,Harris1996AJ....112.1487H,,,,,,,,,,,,,,,,,,,,,,,,,
ngc_7099,1,1,325.092133,-23.179861,1.03,,,,,,,,,,Baumgardt2018MNRAS.478.1520B,14.636,0.023,0.023,8.458,0.089,0.09,Baumgardt2021MNRAS.505.5957B,2.534142443,2.534142443,7.28,0.05,0.05,-7.356,0.05,0.05,Baumgardt2020PASA...37...46B,,,,,-185.19,0.17,0.17,5.5,0.4,,,Baumgardt2018MNRAS.478.1520B,,-0.7374,0.0246,0.0246,-7.2987,0.0244,0.0244,Vasiliev2021MNRAS.505.5978V,-2.27,,,,,,,Harris1996AJ....112.1487H,,,,,,,,,,,,,,,,,,,,,,,,,
ngc_7492,1,1,347.11117,-15.611469,1.07,,,,,,,,,,Baumgardt2018MNRAS.478.1520B,16.936,0.051,0.051,24.39,0.566,0.579,Baumgardt2021MNRAS.505.5957B,7.591396848,7.591396848,11.05,0.03,0.03,-5.886,0.03,0.03,Baumgardt2020PASA...37...46B,,,,,-176.7,0.27,0.27,1.2,1,,,Baumgardt2018MNRAS.478.1520B,,0.7558,0.0279,0.0279,-2.32,0.0276,0.0276,Vasiliev2021MNRAS.505.5978V,-1.78,,,,,,,Harris1996AJ....112.1487H,,,,,,,,,,,1.25,0.01,0.01,1,0.02,0.02,Munoz2018ApJ...860...66M,,,,,,,,
palomar_1,1,1,53.3335,79.581055,0.62,,,,,,,,,,Baumgardt2018MNRAS.478.1520B,15.241,0.063,0.063,11.176,0.319,0.328,Baumgardt2021MNRAS.505.5957B,2.015599304,2.015599304,13.49,0.03,0.03,-1.751,0.03,0.03,Baumgardt2020PASA...37...46B,,,,,-75.72,0.29,0.29,,,,,Baumgardt2018MNRAS.478.1520B,,-0.2515,0.0342,0.0342,0.0075,0.0373,0.0373,Vasiliev2021MNRAS.505.5978V,-0.65,,,,,,,Harris1996AJ....112.1487H,,,,,,,,,,,,,,,,,,,,,,,,,
palomar_10,1,1,289.508728,18.571667,1.55,,,,,,,,,,Baumgardt2018MNRAS.478.1520B,14.758,0.277,0.293,8.944,1.072,1.292,Baumgardt2021MNRAS.505.5957B,4.032641414,4.032641414,7.25,0.03,0.03,-7.508,0.03,0.03,Baumgardt2020PASA...37...46B,,,,,-31.7,0.23,0.23,,,,,Baumgardt2018MNRAS.478.1520B,,-4.3225,0.0285,0.0285,-7.1728,0.0286,0.0286,Vasiliev2021MNRAS.505.5978V,-0.1,,,,,,,Harris1996AJ....112.1487H,,,,,,,,,,,,,,,,,,,,,,,,,
palomar_11,1,1,296.31,-8.007222,1.5,,,,,,,,,,Baumgardt2018MNRAS.478.1520B,15.734,0.079,0.079,14.024,0.498,0.517,Baumgardt2021MNRAS.505.5957B,6.119124357,6.119124357,10.62,0.03,0.03,-5.114,0.03,0.03,Baumgardt2020PASA...37...46B,,,,,-67.64,0.76,0.76,,,,,Baumgardt2018MNRAS.478.1520B,,-1.7661,0.03,0.03,-4.9709,0.0284,0.0284,Vasiliev2021MNRAS.505.5978V,-0.4,,,,,,,Harris1996AJ....112.1487H,,,,,,,,,,,,,,,,,,,,,,,,,
palomar_12,1,1,326.661804,-21.252611,1.31,,,,,,,,,,Baumgardt2018MNRAS.478.1520B,16.335,0.035,0.035,18.494,0.295,0.3,Baumgardt2021MNRAS.505.5957B,7.047389356,7.047389356,11.93,0.04,0.04,-4.405,0.04,0.04,Baumgardt2020PASA...37...46B,,,,,27.91,0.28,0.28,,,,,Baumgardt2018MNRAS.478.1520B,,-3.2197,0.0291,0.0291,-3.3335,0.028,0.028,Vasiliev2021MNRAS.505.5978V,-0.85,,,,,,,Harris1996AJ....112.1487H,,,,,,,,,,,,,,,,,,,,,,,,,
palomar_13,1,1,346.68519,12.771539,1.72,,,,,,,,,,Baumgardt2018MNRAS.478.1520B,16.853,0.037,0.037,23.475,0.397,0.403,Baumgardt2021MNRAS.505.5957B,11.7451932,11.7451932,13.71,0.05,0.05,-3.143,0.05,0.05,Baumgardt2020PASA...37...46B,,,,,25.3,0.22,0.22,0.9,0.3,,,Baumgardt2018MNRAS.478.1520B,,1.7475,0.0487,0.0487,0.1038,0.0473,0.0473,Vasiliev2021MNRAS.505.5978V,-1.88,,,,,,,Harris1996AJ....112.1487H,,,,,,,,,,,1.26,0.09,0.09,2.22,0.19,0.19,Munoz2018ApJ...860...66M,,,,,,,,
palomar_14,1,1,242.7525,14.957778,1.29,,,,,,,,,,Baumgardt2018MNRAS.478.1520B,19.334,0.048,0.048,73.579,1.609,1.645,Baumgardt2021MNRAS.505.5957B,27.61020992,27.61020992,14.04,0.03,0.03,-5.294,0.03,0.03,Baumgardt2020PASA...37...46B,,,,,72.3,0.14,0.14,0.4,0.1,,,Baumgardt2018MNRAS.478.1520B,,-0.4626,0.0384,0.0384,-0.4132,0.0378,0.0378,Vasiliev2021MNRAS.505.5978V,-1.62,,,,,,,Harris1996AJ....112.1487H,,,,,,,,,,,1.44,0.06,0.06,1.49,0.08,0.08,Munoz2018ApJ...860...66M,,,,,,,,
palomar_15,1,1,254.9626,-0.539,1.56,,,,,,,,,,Baumgardt2018MNRAS.478.1520B,18.222,0.056,0.056,44.096,1.123,1.152,Baumgardt2021MNRAS.505.5957B,20.01013006,20.01013006,12.65,0.05,0.05,-5.572,0.05,0.05,Baumgardt2020PASA...37...46B,,,,,72.27,1.74,1.74,,,,,Baumgardt2018MNRAS.478.1520B,,-0.5924,0.0369,0.0369,-0.901,0.0343,0.0343,Vasiliev2021MNRAS.505.5978V,-2.07,,,,,,,Harris1996AJ....112.1487H,,,,,,,,,,,1.45,0.03,0.03,1.04,0.06,0.06,Munoz2018ApJ...860...66M,,,,,,,,
palomar_2,1,1,71.52462,31.3815,0.63,,,,,,,,,,Baumgardt2018MNRAS.478.1520B,17.089,0.107,0.107,26.174,1.253,1.317,Baumgardt2021MNRAS.505.5957B,4.796636023,4.796636023,8.81,0.06,0.06,-8.279,0.06,0.06,Baumgardt2020PASA...37...46B,,,,,-135.97,1.55,1.55,,,,,Baumgardt2018MNRAS.478.1520B,,1.0448,0.0341,0.0341,-1.5218,0.0312,0.0312,Vasiliev2021MNRAS.505.5978V,-1.42,,,,,,,Harris1996AJ....112.1487H,,,,,,,,,,,0.99,0.02,0.02,1.69,0.04,0.04,Munoz2018ApJ...860...66M,,,,,,,,
palomar_3,1,1,151.381622,0.071667,0.73,,,,,,,,,,Baumgardt2018MNRAS.478.1520B,19.885,0.074,0.074,94.842,3.178,3.288,Baumgardt2021MNRAS.505.5957B,20.13954622,20.13954622,14.45,0.03,0.03,-5.435,0.03,0.03,Baumgardt2020PASA...37...46B,,,,,94.04,0.8,0.8,,,,,Baumgardt2018MNRAS.478.1520B,,0.0861,0.0602,0.0602,-0.1484,0.0709,0.0709,Vasiliev2021MNRAS.505.5978V,-1.63,,,,,,,Harris1996AJ....112.1487H,,,,,,,,,,,0.72,0.02,0.02,0.87,0.05,0.05,Munoz2018ApJ...860...66M,,,,,,,,
palomar_4,1,1,172.318329,28.973373,0.54,,,,,,,,,,Baumgardt2018MNRAS.478.1520B,20.03,0.055,0.055,101.391,2.536,2.601,Baumgardt2021MNRAS.505.5957B,15.92646104,15.92646104,14.17,0.04,0.04,-5.86,0.04,0.04,Baumgardt2020PASA...37...46B,,,,,72.4,0.24,0.24,,,,,Baumgardt2018MNRAS.478.1520B,,-0.1877,0.0419,0.0419,-0.4761,0.0409,0.0409,Vasiliev2021MNRAS.505.5978V,-1.41,,,,,,,Harris1996AJ....112.1487H,,,,,,,,,,,0.64,0.02,0.02,1.12,0.08,0.08,Munoz2018ApJ...860...66M,,,,,,,,
palomar_5,1,1,229.019167,-0.121,3.2,,,,,,,,,,Baumgardt2018MNRAS.478.1520B,16.706,0.051,0.051,21.941,0.508,0.52,Baumgardt2021MNRAS.505.5957B,20.4236102,20.4236102,11.77,0.04,0.04,-4.936,0.04,0.04,Baumgardt2020PASA...37...46B,,,,,-58.61,0.15,0.15,1.1,0.2,,,Baumgardt2018MNRAS.478.1520B,,-2.7298,0.0278,0.0278,-2.654,0.0272,0.0272,Vasiliev2021MNRAS.505.5978V,-1.41,,,,,,,Harris1996AJ....112.1487H,,,,,,,,,,,,,,,,,,,,,,,,,
palomar_6,1,1,265.925812,-26.224995,1.11,,,,,,,,,,Baumgardt2018MNRAS.478.1520B,14.24,0.138,0.138,7.047,0.433,0.463,Baumgardt2021MNRAS.505.5957B,2.275377019,2.275377019,7.1,0.06,0.06,-7.14,0.06,0.06,Baumgardt2020PASA...37...46B,,,,,174.3,1.6,1.6,,,,,Souza2021A&A...656A..78S,,-9.2219,0.0384,0.0384,-5.3466,0.0361,0.0361,Vasiliev2021MNRAS.505.5978V,-1.1,0.09,,,,,,Souza2021A&A...656A..78S,,,,,,,,,,,,,,,,,,12.5,0.9,,Souza2021A&A...656A..78S,,,,
palomar_8,1,1,280.37729,-19.828858,1.05,,,,,,,,,,Baumgardt2018MNRAS.478.1520B,15.268,0.121,0.122,11.316,0.611,0.652,Baumgardt2021MNRAS.505.5957B,3.456275518,3.456275518,9.12,0.1,0.1,-6.148,0.1,0.1,Baumgardt2020PASA...37...46B,,,,,-31.54,0.21,0.21,,,,,Baumgardt2018MNRAS.478.1520B,,-1.9871,0.027,0.027,-5.6935,0.0267,0.0267,Vasiliev2021MNRAS.505.5978V,-0.37,,,,,,,Harris1996AJ....112.1487H,,,,,,,,,,,,,,,,,,,,,,,,,
pyxis_1,1,1,136.9869,-37.2266,1.6,,,,,,,,,,Baumgardt2018MNRAS.478.1520B,17.813,0.039,0.039,36.526,0.65,0.662,Baumgardt2021MNRAS.505.5957B,16.99997234,16.99997234,12.33,0.04,0.04,-5.483,0.04,0.04,Baumgardt2020PASA...37...46B,,,,,40.46,0.21,0.21,,,,,Baumgardt2018MNRAS.478.1520B,,1.0304,0.0318,0.0318,0.1378,0.0347,0.0347,Vasiliev2021MNRAS.505.5978V,-1.2,,,,,,,Harris1996AJ....112.1487H,,,,,,,,,,,1.62,0.04,0.04,0.99,0.05,0.05,Munoz2018ApJ...860...66M,,,,,,,,
rup106,1,1,189.6675,-51.15027778,1.26,,,,,,,,,,Baumgardt2018MNRAS.478.1520B,16.581,0.038,0.038,20.711,0.359,0.365,Baumgardt2021MNRAS.505.5957B,7.590977969,7.590977969,10.43,0.03,0.03,-6.151,0.03,0.03,Baumgardt2020PASA...37...46B,,,,,-38.36,0.26,0.26,,,,,Baumgardt2018MNRAS.478.1520B,,-1.2535,0.0264,0.0264,0.4009,0.0261,0.0261,Vasiliev2021MNRAS.505.5978V,-1.68,,,,,,,Harris1996AJ....112.1487H,,,,,,,,,,,,,,,,,,,,,,,,,
terzan_1,1,1,263.946667,-30.481778,0.89,,,,,,,,,,Baumgardt2018MNRAS.478.1520B,13.769,0.066,0.066,5.673,0.17,0.175,Baumgardt2021MNRAS.505.5957B,1.468685839,1.468685839,6.26,0.12,0.12,-7.509,0.12,0.12,Baumgardt2020PASA...37...46B,,,,,56.75,1.61,1.61,,,,,Baumgardt2018MNRAS.478.1520B,,-2.8062,0.0553,0.0553,-4.8613,0.0548,0.0548,Vasiliev2021MNRAS.505.5978V,-1.03,,,,,,,Harris1996AJ....112.1487H,,,,,,,,,,,,,,,,,,,,,,,,,
terzan_10,1,1,270.740833,-26.066944,1.16,,,,,,,,,,Baumgardt2018MNRAS.478.1520B,15.046,0.086,0.086,10.212,0.396,0.412,Baumgardt2021MNRAS.505.5957B,3.445838449,3.445838449,8.03,0.1,0.1,-7.016,0.1,0.1,Baumgardt2020PASA...37...46B,,,,,211.37,2.27,2.27,,,,,Baumgardt2018MNRAS.478.1520B,,2.5655,0.039,0.039,-6.4384,0.0358,0.0358,Vasiliev2021MNRAS.505.5978V,-1,,,,,,,Harris1996AJ....112.1487H,,,,,,,,,,,,,,,,,,,,,,,,,
terzan_12,1,1,273.065833,-22.741944,1.18,,,,,,,,,,Baumgardt2018MNRAS.478.1520B,13.566,0.161,0.162,5.166,0.369,0.4,Baumgardt2021MNRAS.505.5957B,1.773219613,1.773219613,7.46,0.11,0.11,-6.106,0.11,0.11,Baumgardt2020PASA...37...46B,,,,,95.61,1.21,1.21,,,,,Baumgardt2018MNRAS.478.1520B,,-6.2223,0.037,0.037,-3.0524,0.0336,0.0336,Vasiliev2021MNRAS.505.5978V,-0.5,,,,,,,Harris1996AJ....112.1487H,,,,,,,,,,,,,,,,,,,,,,,,,
terzan_2,1,1,261.887917,-30.802333,1.06,,,,,,,,,,Baumgardt2018MNRAS.478.1520B,14.447,0.091,0.091,7.753,0.318,0.332,Baumgardt2021MNRAS.505.5957B,2.390571659,2.390571659,7.34,0.1,0.1,-7.107,0.1,0.1,Baumgardt2020PASA...37...46B,,,,,134.56,0.96,0.96,,,,,Baumgardt2018MNRAS.478.1520B,,-2.1699,0.041,0.041,-6.2626,0.0382,0.0382,Vasiliev2021MNRAS.505.5978V,-0.69,,,,,,,Harris1996AJ....112.1487H,,,,,,,,,,,,,,,,,,,,,,,,,
terzan_3,1,1,247.162483,-35.339829,2.11,,,,,,,,,,Baumgardt2018MNRAS.478.1520B,14.417,0.088,0.089,7.644,0.304,0.318,Baumgardt2021MNRAS.505.5957B,4.691689375,4.691689375,8.34,0.17,0.17,-6.077,0.17,0.17,Baumgardt2020PASA...37...46B,,,,,-135.76,0.57,0.57,,,,,Baumgardt2018MNRAS.478.1520B,,-5.5765,0.0267,0.0267,-1.7597,0.0261,0.0261,Vasiliev2021MNRAS.505.5978V,-0.74,,,,,,,Harris1996AJ....112.1487H,,,,,,,,,,,,,,,,,,,,,,,,,
terzan_4,1,1,262.662506,-31.595528,1.48,,,,,,,,,,Baumgardt2018MNRAS.478.1520B,14.401,0.088,0.088,7.591,0.302,0.315,Baumgardt2021MNRAS.505.5957B,3.26803594,3.26803594,7.1,0.27,0.27,-7.301,0.27,0.27,Baumgardt2020PASA...37...46B,,,,,-48.96,1.57,1.57,,,,,Baumgardt2018MNRAS.478.1520B,,-5.4616,0.06,0.06,-3.711,0.0481,0.0481,Vasiliev2021MNRAS.505.5978V,-1.41,,,,,,,Harris1996AJ....112.1487H,,,,,,,,,,,,,,,,,,,,,,,,,
terzan_5,1,1,267.0202,-24.779055,0.92,,,,,,,,,,Baumgardt2018MNRAS.478.1520B,14.103,0.049,0.049,6.617,0.148,0.15,Baumgardt2021MNRAS.505.5957B,1.770822695,1.770822695,5.02,0.08,0.08,-9.083,0.08,0.08,Baumgardt2020PASA...37...46B,,,,,-82.57,0.73,0.73,,,,,Baumgardt2018MNRAS.478.1520B,,-1.9891,0.0681,0.0681,-5.2433,0.0661,0.0661,Vasiliev2021MNRAS.505.5978V,-0.34,,,,,,,Harris1996AJ....112.1487H,,,,,,,,,,,,,,,,,,,,,,,,,
terzan_6,1,1,267.69325,-31.275389,0.5,,,,,,,,,,Baumgardt2018MNRAS.478.1520B,14.308,0.105,0.105,7.271,0.343,0.36,Baumgardt2021MNRAS.505.5957B,1.057524083,1.057524083,7.22,0.07,0.07,-7.088,0.07,0.07,Baumgardt2020PASA...37...46B,,,,,136.45,1.5,1.5,,,,,Baumgardt2018MNRAS.478.1520B,,-4.979,0.0482,0.0482,-7.4313,0.0392,0.0392,Vasiliev2021MNRAS.505.5978V,-0.56,,,,,,,Harris1996AJ....112.1487H,,,,,,,,,,,,,,,,,,,,,,,,,
terzan_7,1,1,289.432983,-34.657722,0.9,,,,,,,,,,Baumgardt2018MNRAS.478.1520B,16.926,0.044,0.044,24.278,0.487,0.496,Baumgardt2021MNRAS.505.5957B,6.355965537,6.355965537,11.64,0.04,0.04,-5.286,0.04,0.04,Baumgardt2020PASA...37...46B,,,,,159.85,0.14,0.14,,,,,Baumgardt2018MNRAS.478.1520B,,-3.0018,0.0286,0.0286,-1.651,0.0287,0.0287,Vasiliev2021MNRAS.505.5978V,-0.32,,,,,,,Harris1996AJ....112.1487H,,,,,,,,,,,,,,,,,,,,,,,,,
terzan_8,1,1,295.435028,-33.999474,1.89,,,,,,,,,,Baumgardt2018MNRAS.478.1520B,17.199,0.033,0.033,27.535,0.415,0.421,Baumgardt2021MNRAS.505.5957B,15.1381569,15.1381569,10.68,0.03,0.03,-6.519,0.03,0.03,Baumgardt2020PASA...37...46B,,,,,148.43,0.17,0.17,,,,,Baumgardt2018MNRAS.478.1520B,,-2.4958,0.027,0.027,-1.5807,0.026,0.026,Vasiliev2021MNRAS.505.5978V,-2.16,,,,,,,Harris1996AJ....112.1487H,,,,,,,,,,,,,,,,,,,,,,,,,
terzan_9,1,1,270.411667,-26.839722,0.99,,,,,,,,,,Baumgardt2018MNRAS.478.1520B,13.806,0.129,0.13,5.77,0.333,0.356,Baumgardt2021MNRAS.505.5957B,1.661640714,1.661640714,7.21,0.13,0.13,-6.596,0.13,0.13,Baumgardt2020PASA...37...46B,,,,,68.49,0.56,0.56,,,,,Baumgardt2018MNRAS.478.1520B,,-2.1211,0.0517,0.0517,-7.7633,0.0485,0.0485,Vasiliev2021MNRAS.505.5978V,-1.05,,,,,,,Harris1996AJ....112.1487H,,,,,,,,,,,,,,,,,,,,,,,,,
ton_2,1,1,264.042,-38.5561,1.41,,,,,,,,,,Baumgardt2018MNRAS.478.1520B,14.221,0.104,0.104,6.987,0.326,0.344,Baumgardt2021MNRAS.505.5957B,2.865734639,2.865734639,7.4,0.06,0.06,-6.821,0.06,0.06,Baumgardt2020PASA...37...46B,,,,,-184.72,1.12,1.12,,,,,Baumgardt2018MNRAS.478.1520B,,-5.9041,0.0308,0.0308,-0.7551,0.0294,0.0294,Vasiliev2021MNRAS.505.5978V,-0.7,,,,,,,Harris1996AJ....112.1487H,,,,,,,,,,,,,,,,,,,,,,,,,
uks_1,1,1,268.613312,-24.145277,0.66,,,,,,,,,,Baumgardt2018MNRAS.478.1520B,15.963,0.078,0.078,15.581,0.55,0.57,Baumgardt2021MNRAS.505.5957B,2.991337258,2.991337258,9.17,,,-6.793,,,Baumgardt2020PASA...37...46B,,,,,59.38,2.63,2.63,,,,,Baumgardt2018MNRAS.478.1520B,,-2.0401,0.0948,0.0948,-2.7541,0.0633,0.0633,Vasiliev2021MNRAS.505.5978V,-0.64,,,,,,,Harris1996AJ....112.1487H,,,,,,,,,,,,,,,,,,,,,,,,,
whiting_1,1,0,30.737499,-3.252778,1.06,,,,,,,,,,Baumgardt2018MNRAS.478.1520B,17.428,0.083,0.083,30.591,1.147,1.192,Baumgardt2021MNRAS.505.5957B,9.432474863,9.432474863,13.24,0.08,0.08,-4.188,0.08,0.08,Baumgardt2020PASA...37...46B,,,,,-130.41,1.79,1.79,,,,,Baumgardt2018MNRAS.478.1520B,,-0.2277,0.0653,0.0653,-2.0458,0.0561,0.0561,Vasiliev2021MNRAS.505.5978V,,,,,,,,,,,,,,,,,,,0.73,0.07,0.07,2.19,0.26,0.26,Munoz2018ApJ...860...66M,6.5,0.5,1,Carraro2007A&A...466..181C,-0.65,0.12,0.09,Carraro2007A&A...466..181C